id,user_id,question_group_id,score,time,is_done,nb_mistakes,time_seconds,stars,total_time,validated_at,attempt_mistakes,global_mistakes,created_at,updated_at
1419113,239645,2969,3,11,true,0,11,3,11,2024-10-18 18:05:31,0,0,2024-10-18 18:05:31,2024-10-18 18:05:31
1419126,239645,2970,0,6,false,0,6,0,6,,0,0,2024-10-18 18:07:05,2024-10-18 18:07:05
1419130,239645,2971,0,6,false,0,6,0,6,,0,0,2024-10-18 18:07:16,2024-10-18 18:07:16
1419160,239645,2970,2,30,true,1,24,1,30,2024-10-18 18:09:58,1,1,2024-10-18 18:09:58,2024-10-18 18:09:58
1419168,239645,2971,1,40,true,1,34,2,40,2024-10-18 18:10:39,1,1,2024-10-18 18:10:39,2024-10-18 18:10:39
1419177,239645,2972,2,9,true,0,9,3,9,2024-10-18 18:11:30,0,0,2024-10-18 18:11:30,2024-10-18 18:11:30
1419191,239645,2973,0,37,false,4,37,0,37,,4,4,2024-10-18 18:12:21,2024-10-18 18:12:21
1419250,239645,2974,0,199,false,3,199,0,199,,3,3,2024-10-18 18:17:57,2024-10-18 18:17:57
1419565,239645,2977,0,376,false,3,376,0,376,,3,3,2024-10-18 18:39:20,2024-10-18 18:39:20
1419574,239645,2976,1,46,true,0,46,3,46,2024-10-18 18:40:13,0,0,2024-10-18 18:40:13,2024-10-18 18:40:13
1419602,239645,2978,0,10,false,0,10,0,10,,0,0,2024-10-18 18:42:37,2024-10-18 18:42:37
1419858,239645,3315,2,21,true,0,21,3,21,2024-10-18 18:54:51,0,0,2024-10-18 18:54:51,2024-10-18 18:54:51
1419997,239645,3316,1,457,true,0,457,3,457,2024-10-18 19:02:47,0,0,2024-10-18 19:02:47,2024-10-18 19:02:47
1420059,239645,3317,2,199,true,0,199,3,199,2024-10-18 19:06:42,0,0,2024-10-18 19:06:42,2024-10-18 19:06:42
1420076,239645,3318,1,26,true,0,26,3,26,2024-10-18 19:07:33,0,0,2024-10-18 19:07:33,2024-10-18 19:07:33
1420297,239645,3319,0,27,false,0,27,0,27,,0,0,2024-10-18 19:17:51,2024-10-18 19:17:51
1420303,239645,3320,1,7,true,0,7,3,7,2024-10-18 19:18:08,0,0,2024-10-18 19:18:08,2024-10-18 19:18:08
1420340,239645,3321,0,99,false,3,99,0,99,,3,3,2024-10-18 19:19:59,2024-10-18 19:19:59
1420354,239645,3323,0,30,false,0,30,0,30,,0,0,2024-10-18 19:20:30,2024-10-18 19:20:30
1420668,239645,25,0,50,false,3,50,0,50,,3,3,2024-10-18 19:37:13,2024-10-18 19:37:13
1420691,239645,37,0,23,false,0,23,0,23,,0,0,2024-10-18 19:38:53,2024-10-18 19:38:53
1420703,239645,37,3,43,true,0,20,3,43,2024-10-18 19:40:15,0,0,2024-10-18 19:40:15,2024-10-18 19:40:15
1420715,239645,16,1,45,true,0,45,3,45,2024-10-18 19:41:06,0,0,2024-10-18 19:41:06,2024-10-18 19:41:06
1420735,239645,28,0,26,false,1,26,0,26,,1,1,2024-10-18 19:42:50,2024-10-18 19:42:50
1420996,239645,3321,1,239,true,4,140,1,239,2024-10-18 20:02:51,1,4,2024-10-18 20:02:51,2024-10-18 20:02:51
1421024,239645,3323,5,37,true,0,7,2,37,2024-10-18 20:05:03,0,0,2024-10-18 20:05:03,2024-10-18 20:05:03
1421057,239645,3324,1,117,true,1,117,2,117,2024-10-18 20:07:07,1,1,2024-10-18 20:07:07,2024-10-18 20:07:07
1421078,239645,3325,4,9,true,0,9,3,9,2024-10-18 20:08:39,0,0,2024-10-18 20:08:39,2024-10-18 20:08:39
1421081,239645,3326,1,7,true,0,7,3,7,2024-10-18 20:08:57,0,0,2024-10-18 20:08:57,2024-10-18 20:08:57
1426968,239645,3328,3,29,true,0,29,2,29,2024-10-19 17:49:28,0,0,2024-10-19 17:49:28,2024-10-19 17:49:28
1574193,239645,9118,3,63,true,0,20,2,20,2024-09-14 16:46:20,0,0,2024-11-06 20:56:05,2024-11-06 20:56:05
1574412,239645,9118,3,73,true,0,30,2,30,2024-09-14 16:46:20,0,0,2024-11-06 21:02:23,2024-11-06 21:02:23
1574413,239645,3108,3,36,true,1,36,2,36,2024-11-06 21:02:23,1,1,2024-11-06 21:02:23,2024-11-06 21:02:23
1574427,239645,3109,0,30,false,0,30,0,30,,0,0,2024-11-06 21:02:58,2024-11-06 21:02:58
1574681,239645,3868,0,10,false,0,10,0,10,,0,0,2024-11-06 21:13:56,2024-11-06 21:13:56
1586928,239645,37,3,48,true,0,5,3,5,2024-10-18 19:40:15,0,0,2024-11-07 19:12:00,2024-11-07 19:12:00
1587030,239645,37,3,47,true,0,4,3,4,2024-10-18 19:40:15,0,0,2024-11-07 19:14:29,2024-11-07 19:14:29
1587042,239645,25,2,157,true,7,8,1,157,2024-11-07 19:14:46,0,7,2024-11-07 19:14:46,2024-11-07 19:14:46
1587096,239645,37,3,78,true,0,35,3,35,2024-10-18 19:40:15,0,0,2024-11-07 19:16:23,2024-11-07 19:16:23
1587133,239645,16,1,99,true,0,54,3,54,2024-10-18 19:41:06,0,0,2024-11-07 19:17:21,2024-11-07 19:17:21
1587198,239645,28,2,81,true,5,55,1,81,2024-11-07 19:19:07,4,5,2024-11-07 19:19:07,2024-11-07 19:19:07
1587218,239645,23,1,36,true,0,36,3,36,2024-11-07 19:19:49,0,0,2024-11-07 19:19:49,2024-11-07 19:19:49
1587493,239645,15,0,368,false,3,368,0,368,,3,3,2024-11-07 19:26:25,2024-11-07 19:26:25
1587500,239645,27,0,9,false,0,9,0,9,,0,0,2024-11-07 19:26:34,2024-11-07 19:26:34
1587513,239645,15,1,378,true,3,10,1,378,2024-11-07 19:26:53,0,3,2024-11-07 19:26:53,2024-11-07 19:26:53
1587651,239645,27,1,185,true,0,176,3,185,2024-11-07 19:30:01,0,0,2024-11-07 19:30:02,2024-11-07 19:30:02
1587901,239645,31,2,220,true,0,220,3,220,2024-11-07 19:35:28,0,0,2024-11-07 19:35:28,2024-11-07 19:35:28
1588458,239645,32,4,26,true,0,26,2,26,2024-11-07 19:48:59,0,0,2024-11-07 19:49:00,2024-11-07 19:49:00
1588638,239645,11,2,38,true,0,38,2,38,2024-11-07 19:55:01,0,0,2024-11-07 19:55:01,2024-11-07 19:55:01
1588643,239645,13,0,9,false,0,9,0,9,,0,0,2024-11-07 19:55:10,2024-11-07 19:55:10
1588662,239645,13,1,43,true,0,34,3,43,2024-11-07 19:56:11,0,0,2024-11-07 19:56:11,2024-11-07 19:56:11
1588688,239645,34,1,23,true,0,23,3,23,2024-11-07 19:57:14,0,0,2024-11-07 19:57:14,2024-11-07 19:57:14
1589023,239645,3861,3,16,true,0,16,2,16,2024-11-07 20:07:46,0,0,2024-11-07 20:07:46,2024-11-07 20:07:46
1589097,239645,3862,2,135,true,0,135,2,135,2024-11-07 20:10:35,0,0,2024-11-07 20:10:35,2024-11-07 20:10:35
1589161,239645,3863,2,16,true,0,16,2,16,2024-11-07 20:12:58,0,0,2024-11-07 20:12:58,2024-11-07 20:12:58
1589177,239645,3864,1,12,true,0,12,3,12,2024-11-07 20:13:26,0,0,2024-11-07 20:13:26,2024-11-07 20:13:26
1589185,239645,3865,1,8,true,0,8,3,8,2024-11-07 20:13:52,0,0,2024-11-07 20:13:52,2024-11-07 20:13:52
1589418,239645,3866,0,110,false,1,110,0,110,,1,1,2024-11-07 20:22:34,2024-11-07 20:22:34
1589501,239645,3867,0,3,false,0,3,0,3,,0,0,2024-11-07 20:25:42,2024-11-07 20:25:42
1589503,239645,3869,0,5,false,0,5,0,5,,0,0,2024-11-07 20:25:54,2024-11-07 20:25:54
1589575,239645,3867,4,76,true,4,16,1,76,2024-11-07 20:29:27,1,4,2024-11-07 20:29:27,2024-11-07 20:29:27
1589603,239645,3868,4,41,true,0,17,3,41,2024-11-07 20:31:15,0,0,2024-11-07 20:31:15,2024-11-07 20:31:15
1589654,239645,3870,0,5,false,0,5,0,5,,0,0,2024-11-07 20:33:38,2024-11-07 20:33:38
1589659,239645,3869,1,142,true,6,8,1,142,2024-11-07 20:33:53,0,6,2024-11-07 20:33:53,2024-11-07 20:33:53
1589722,239645,3870,4,36,true,2,31,1,36,2024-11-07 20:36:52,2,2,2024-11-07 20:36:52,2024-11-07 20:36:52
1589753,239645,3871,6,4,true,0,4,3,4,2024-11-07 20:38:31,0,0,2024-11-07 20:38:31,2024-11-07 20:38:31
1589767,239645,3873,5,6,true,0,6,2,6,2024-11-07 20:39:33,0,0,2024-11-07 20:39:33,2024-11-07 20:39:33
1589801,239645,3872,0,53,false,1,53,0,53,,1,1,2024-11-07 20:40:34,2024-11-07 20:40:34
1693372,239645,3878,3,8,true,1,8,2,8,2024-11-10 16:20:26,1,1,2024-11-10 16:20:26,2024-11-10 16:20:26
1693424,239645,3879,2,36,true,0,36,2,36,2024-11-10 16:21:36,0,0,2024-11-10 16:21:36,2024-11-10 16:21:36
1693461,239645,3880,2,9,true,0,9,3,9,2024-11-10 16:22:06,0,0,2024-11-10 16:22:06,2024-11-10 16:22:06
1693519,239645,3881,2,28,true,0,28,2,28,2024-11-10 16:23:03,0,0,2024-11-10 16:23:03,2024-11-10 16:23:03
1693563,239645,3882,1,15,true,0,15,3,15,2024-11-10 16:23:32,0,0,2024-11-10 16:23:32,2024-11-10 16:23:32
1693658,239645,3883,1,72,true,0,72,3,72,2024-11-10 16:24:53,0,0,2024-11-10 16:24:53,2024-11-10 16:24:53
1693809,239645,3884,5,16,true,0,16,2,16,2024-11-10 16:26:55,0,0,2024-11-10 16:26:55,2024-11-10 16:26:55
1693842,239645,3885,1,17,true,0,17,3,17,2024-11-10 16:27:22,0,0,2024-11-10 16:27:22,2024-11-10 16:27:22
1693981,239645,3886,3,59,true,0,59,3,59,2024-11-10 16:29:20,0,0,2024-11-10 16:29:20,2024-11-10 16:29:20
1694120,239645,3887,3,19,true,0,19,3,19,2024-11-10 16:30:49,0,0,2024-11-10 16:30:49,2024-11-10 16:30:49
1696568,239645,3888,1,68,true,0,68,3,68,2024-11-10 17:03:32,0,0,2024-11-10 17:03:32,2024-11-10 17:03:32
1699412,239645,3889,0,204,false,1,204,0,204,,1,1,2024-11-10 17:41:44,2024-11-10 17:41:44
1784149,239645,3890,1,147,true,0,147,3,147,2024-11-13 18:03:06,0,0,2024-11-13 18:03:06,2024-11-13 18:03:06
1861490,239645,2268,0,183,false,4,183,0,183,,4,4,2024-11-16 18:30:54,2024-11-16 18:30:54
1861492,239645,2269,0,3,false,0,3,0,3,,0,0,2024-11-16 18:30:56,2024-11-16 18:30:56
1861512,239645,2268,1,373,true,8,7,1,373,2024-11-16 18:31:16,0,8,2024-11-16 18:31:16,2024-11-16 18:31:16
1861558,239645,2269,3,13,true,0,10,2,13,2024-11-16 18:32:15,0,0,2024-11-16 18:32:15,2024-11-16 18:32:15
1861608,239645,2270,2,37,true,2,37,2,37,2024-11-16 18:33:23,2,2,2024-11-16 18:33:23,2024-11-16 18:33:23
1861622,239645,7752,2,9,true,0,9,3,9,2024-11-16 18:33:55,0,0,2024-11-16 18:33:55,2024-11-16 18:33:55
1917197,239645,88,1,683,true,6,13,1,683,2024-11-19 19:23:55,0,6,2024-11-19 19:23:55,2024-11-19 19:23:55
1917419,239645,89,1,458,true,3,18,1,458,2024-11-19 19:29:58,0,3,2024-11-19 19:29:58,2024-11-19 19:29:58
1917631,239645,12504,0,29,false,0,29,0,29,,0,0,2024-11-19 19:35:34,2024-11-19 19:35:34
1917641,239645,12512,0,13,false,0,13,0,13,,0,0,2024-11-19 19:35:47,2024-11-19 19:35:47
1917643,239645,12513,0,3,false,0,3,0,3,,0,0,2024-11-19 19:35:50,2024-11-19 19:35:50
1918015,239645,12512,1,45,true,0,18,3,45,2024-11-19 19:43:06,0,0,2024-11-19 19:43:06,2024-11-19 19:43:06
1918040,239645,12513,1,46,true,0,30,3,46,2024-11-19 19:43:41,0,0,2024-11-19 19:43:41,2024-11-19 19:43:41
1918041,239645,12511,0,10,false,0,10,0,10,,0,0,2024-11-19 19:43:41,2024-11-19 19:43:41
1918100,239645,12514,0,15,false,0,15,0,15,,0,0,2024-11-19 19:45:16,2024-11-19 19:45:16
1918267,239645,12514,2,217,true,0,158,3,217,2024-11-19 19:51:17,0,0,2024-11-19 19:51:18,2024-11-19 19:51:18
1918269,239645,12515,4,9,true,0,9,3,9,2024-11-19 19:51:19,0,0,2024-11-19 19:51:20,2024-11-19 19:51:20
1918270,239645,12518,0,28,false,3,28,0,28,,3,3,2024-11-19 19:51:20,2024-11-19 19:51:20
1918272,239645,12516,0,2,false,0,2,0,2,,0,0,2024-11-19 19:51:20,2024-11-19 19:51:20
1918510,239645,12518,1,62,true,6,6,1,62,2024-11-19 19:59:37,0,6,2024-11-19 19:59:37,2024-11-19 19:59:37
1918511,239645,12516,2,83,true,0,81,3,83,2024-11-19 19:59:38,0,0,2024-11-19 19:59:39,2024-11-19 19:59:39
1918589,239645,12517,1,81,true,0,81,3,81,2024-11-19 20:01:42,0,0,2024-11-19 20:01:43,2024-11-19 20:01:43
1918900,239645,12511,1,31,true,0,21,3,31,2024-11-19 20:16:56,0,0,2024-11-19 20:16:56,2024-11-19 20:16:56
1919402,239645,4048,0,10,false,0,10,0,10,,0,0,2024-11-19 20:31:29,2024-11-19 20:31:29
1919608,239645,4047,0,405,false,0,405,0,405,,0,0,2024-11-19 20:38:49,2024-11-19 20:38:49
1919677,239645,4048,3,85,true,1,55,2,85,2024-11-19 20:42:07,1,1,2024-11-19 20:42:07,2024-11-19 20:42:07
1919795,239645,4050,1,260,true,0,260,3,260,2024-11-19 20:46:35,0,0,2024-11-19 20:46:35,2024-11-19 20:46:35
1919809,239645,4053,1,7,true,0,7,3,7,2024-11-19 20:46:52,0,0,2024-11-19 20:46:52,2024-11-19 20:46:52
1920000,239645,4057,3,36,true,0,36,3,36,2024-11-19 20:53:52,0,0,2024-11-19 20:53:52,2024-11-19 20:53:52
1928998,239645,11667,4,27,true,0,17,3,27,2024-11-20 19:05:12,0,0,2024-11-20 19:05:12,2024-11-20 19:05:12
1929170,239645,11669,0,4,false,0,4,0,4,,0,0,2024-11-20 19:13:01,2024-11-20 19:13:01
1929285,239645,11672,3,18,true,0,18,1,18,2024-11-20 19:18:20,0,0,2024-11-20 19:18:20,2024-11-20 19:18:20
1944004,239645,8957,0,10,false,0,10,0,10,,0,0,2024-11-21 21:38:47,2024-11-21 21:38:47
1944005,239645,8998,0,59,false,2,59,0,59,,2,2,2024-11-21 21:38:47,2024-11-21 21:38:47
1988977,239645,86,2,113,true,0,11,3,11,2024-11-24 19:08:11,0,8,2024-11-24 19:08:11,2024-11-24 19:08:11
1988722,239645,7902,0,6,false,0,6,0,6,,0,0,2024-11-24 19:00:31,2024-11-24 19:00:31
1989322,239645,88,1,703,true,0,20,1,20,2024-11-19 19:23:55,0,6,2024-11-24 19:18:52,2024-11-24 19:18:52
1989291,239645,88,1,1008,true,3,325,1,325,2024-11-19 19:23:55,3,9,2024-11-24 19:18:08,2024-11-24 19:18:08
1989079,239645,109,1,1173,true,0,199,3,199,2024-11-16 21:07:33,0,0,2024-11-24 19:11:40,2024-11-24 19:11:40
1989295,239645,88,1,1008,true,3,325,1,325,2024-11-19 19:23:55,3,9,2024-11-24 19:18:12,2024-11-24 19:18:12
1989858,239645,11670,1,7,true,0,7,3,7,2024-11-24 19:37:38,0,0,2024-11-24 19:37:38,2024-11-24 19:37:38
1989769,239645,89,1,468,true,0,10,1,10,2024-11-19 19:29:58,0,3,2024-11-24 19:34:27,2024-11-24 19:34:27
1990094,239645,11672,3,31,true,0,13,2,13,2024-11-24 19:45:35,0,0,2024-11-24 19:45:35,2024-11-24 19:45:35
1990095,239645,11667,4,30,true,0,3,3,3,2024-11-20 19:05:12,0,0,2024-11-24 19:45:38,2024-11-24 19:45:38
1990156,239645,11669,5,101,true,0,61,2,101,2024-11-24 19:47:24,0,0,2024-11-24 19:47:24,2024-11-24 19:47:24
2003046,239645,4077,2,90,true,0,84,2,90,2024-11-25 20:51:03,0,0,2024-11-25 20:51:03,2024-11-25 20:51:03
2002763,239645,4076,0,601,false,0,601,0,601,,0,0,2024-11-25 20:35:44,2024-11-25 20:35:44
2002764,239645,4077,0,6,false,0,6,0,6,,0,0,2024-11-25 20:35:49,2024-11-25 20:35:49
2003533,239645,4079,1,274,true,0,274,3,274,2024-11-25 21:27:23,0,0,2024-11-25 21:27:23,2024-11-25 21:27:23
2003501,239645,4078,1,1840,true,0,1840,3,1840,2024-11-25 21:22:20,0,0,2024-11-25 21:22:20,2024-11-25 21:22:20
2184561,239645,4114,0,8,false,0,8,0,8,,0,0,,
2184563,239645,4117,0,6,false,0,6,0,6,,0,0,,
2184613,239645,4114,3,22,true,0,14,2,22,2024-12-09 19:50:23,0,0,,
2184658,239645,4117,1,13,true,0,7,3,13,2024-12-09 19:51:34,0,0,,
2184675,239645,4118,1,8,true,0,8,3,8,2024-12-09 19:51:57,0,0,,
2184755,239645,4121,3,14,true,0,14,3,14,2024-12-09 19:53:56,0,0,,
2184854,239645,4122,1,124,true,0,124,3,124,2024-12-09 19:56:18,0,0,,
2184868,239645,4124,1,9,true,0,9,3,9,2024-12-09 19:56:37,0,0,,
2185013,239645,4125,1,160,true,2,160,1,160,2024-12-09 19:59:44,2,2,,
2185082,239645,4126,1,100,true,0,100,3,100,2024-12-09 20:01:29,0,0,,
2185128,239645,4128,1,27,true,0,27,3,27,2024-12-09 20:02:25,0,0,,
2185828,239645,4129,0,760,false,3,760,0,760,,3,3,,
2185830,239645,4130,0,7,false,0,7,0,7,,0,0,,
2186033,239645,4129,1,928,true,6,32,1,928,2024-12-09 20:23:54,0,6,,
323544,239645,2851,0,86,false,0,86,0,86,,0,0,2024-04-16 13:33:08,2024-04-16 13:33:08
323555,239645,3651,0,55,false,0,55,0,55,,0,0,2024-04-16 13:34:46,2024-04-16 13:34:46
323564,239645,2522,0,40,false,0,40,0,40,,0,0,2024-04-16 13:37:28,2024-04-16 13:37:28
325529,239645,10464,0,71,false,0,71,0,71,,0,0,2024-04-16 18:24:43,2024-04-16 18:24:43
325601,239645,2447,2,20,true,0,20,3,20,2024-04-16 18:30:56,0,0,2024-04-16 18:30:56,2024-04-16 18:30:56
325660,239645,2448,0,164,false,3,164,0,164,,3,3,2024-04-16 18:35:00,2024-04-16 18:35:00
325760,239645,2449,0,10,false,0,10,0,10,,0,0,2024-04-16 18:40:45,2024-04-16 18:40:45
325965,239645,2450,1,33,true,0,33,3,33,2024-04-16 18:52:24,0,0,2024-04-16 18:52:24,2024-04-16 18:52:24
326030,239645,7301,1,230,true,1,230,2,230,2024-04-16 18:56:29,1,1,2024-04-16 18:56:29,2024-04-16 18:56:29
326066,239645,2451,1,49,true,1,49,2,49,2024-04-16 18:57:26,1,1,2024-04-16 18:57:26,2024-04-16 18:57:26
326121,239645,2452,1,181,true,1,181,2,181,2024-04-16 19:00:56,1,1,2024-04-16 19:00:56,2024-04-16 19:00:56
326179,239645,2538,0,101,false,0,101,0,101,,0,0,2024-04-16 19:04:03,2024-04-16 19:04:03
326273,239645,2584,1,106,true,0,106,3,106,2024-04-16 19:07:10,0,0,2024-04-16 19:07:10,2024-04-16 19:07:10
326502,239645,2585,0,577,false,1,577,0,577,,1,1,2024-04-16 19:18:21,2024-04-16 19:18:21
326641,239645,6257,0,300,false,0,300,0,300,,0,0,2024-04-16 19:25:11,2024-04-16 19:25:11
326722,239645,7152,0,140,false,0,140,0,140,,0,0,2024-04-16 19:28:33,2024-04-16 19:28:33
326826,239645,6389,4,45,true,0,45,3,45,2024-04-16 19:33:30,0,0,2024-04-16 19:33:30,2024-04-16 19:33:30
326829,239645,6391,0,9,false,0,9,0,9,,0,0,2024-04-16 19:33:39,2024-04-16 19:33:39
326998,239645,6390,0,235,false,1,235,0,235,,1,1,2024-04-16 19:40:41,2024-04-16 19:40:41
349940,239645,2522,2,275,true,4,53,1,275,2024-04-19 19:46:26,1,4,2024-04-19 19:46:26,2024-04-19 19:46:26
1861754,239645,2271,0,163,false,3,163,0,163,,3,3,2024-11-16 18:36:46,2024-11-16 18:36:46
1861757,239645,2272,0,2,false,0,2,0,2,,0,0,2024-11-16 18:36:48,2024-11-16 18:36:48
1861782,239645,2271,1,346,true,6,20,1,346,2024-11-16 18:37:22,0,6,2024-11-16 18:37:22,2024-11-16 18:37:22
1861793,239645,2272,1,13,true,0,11,3,13,2024-11-16 18:37:39,0,0,2024-11-16 18:37:39,2024-11-16 18:37:39
1861806,239645,7751,2,7,true,0,7,3,7,2024-11-16 18:38:02,0,0,2024-11-16 18:38:02,2024-11-16 18:38:02
1861823,239645,7750,2,7,true,0,7,2,7,2024-11-16 18:38:27,0,0,2024-11-16 18:38:27,2024-11-16 18:38:27
1861861,239645,2273,0,2,false,0,2,0,2,,0,0,2024-11-16 18:39:27,2024-11-16 18:39:27
1861923,239645,2274,0,3,false,0,3,0,3,,0,0,2024-11-16 18:41:10,2024-11-16 18:41:10
1861939,239645,2273,2,147,true,6,17,1,147,2024-11-16 18:41:34,0,6,2024-11-16 18:41:34,2024-11-16 18:41:34
1861954,239645,2274,2,13,true,1,10,2,13,2024-11-16 18:42:07,1,1,2024-11-16 18:42:07,2024-11-16 18:42:07
1861986,239645,7749,1,13,true,0,13,3,13,2024-11-16 18:42:40,0,0,2024-11-16 18:42:41,2024-11-16 18:42:41
1862119,239645,2275,0,31,false,3,31,0,31,,3,3,2024-11-16 18:46:13,2024-11-16 18:46:13
1862120,239645,2276,0,3,false,0,3,0,3,,0,0,2024-11-16 18:46:16,2024-11-16 18:46:16
1862135,239645,2275,3,71,true,6,9,2,71,2024-11-16 18:46:32,0,6,2024-11-16 18:46:32,2024-11-16 18:46:32
1862175,239645,2276,2,15,true,0,12,2,15,2024-11-16 18:47:15,0,0,2024-11-16 18:47:15,2024-11-16 18:47:15
1862193,239645,7757,1,8,true,0,8,3,8,2024-11-16 18:47:32,0,0,2024-11-16 18:47:32,2024-11-16 18:47:32
1862223,239645,2277,0,3,false,0,3,0,3,,0,0,2024-11-16 18:48:12,2024-11-16 18:48:12
1862240,239645,2277,2,22,true,0,19,2,22,2024-11-16 18:48:46,0,0,2024-11-16 18:48:46,2024-11-16 18:48:46
1862345,239645,7756,2,20,true,0,20,3,20,2024-11-16 18:51:10,0,0,2024-11-16 18:51:10,2024-11-16 18:51:10
1862416,239645,2278,2,29,true,0,29,3,29,2024-11-16 18:52:48,0,0,2024-11-16 18:52:48,2024-11-16 18:52:48
1862422,239645,7755,1,9,true,0,9,3,9,2024-11-16 18:53:02,0,0,2024-11-16 18:53:02,2024-11-16 18:53:02
1862428,239645,7753,1,10,true,0,10,3,10,2024-11-16 18:53:19,0,0,2024-11-16 18:53:20,2024-11-16 18:53:20
1862470,239645,7754,1,7,true,0,7,3,7,2024-11-16 18:54:29,0,0,2024-11-16 18:54:29,2024-11-16 18:54:29
1862518,239645,83,0,20,false,0,20,0,20,,0,0,2024-11-16 18:55:22,2024-11-16 18:55:22
1862620,239645,25,2,160,true,0,3,1,3,2024-11-07 19:14:46,0,7,2024-11-16 18:57:21,2024-11-16 18:57:21
1862623,239645,25,2,160,true,0,3,1,3,2024-11-07 19:14:46,0,7,2024-11-16 18:57:24,2024-11-16 18:57:24
1862624,239645,37,3,46,true,0,3,3,3,2024-10-18 19:40:15,0,0,2024-11-16 18:57:24,2024-11-16 18:57:24
1862694,239645,25,2,241,true,1,84,1,84,2024-11-07 19:14:46,1,8,2024-11-16 18:59:19,2024-11-16 18:59:19
1862762,239645,37,3,90,true,3,47,3,47,2024-10-18 19:40:15,3,3,2024-11-16 19:00:50,2024-11-16 19:00:50
1862765,239645,37,3,90,true,3,47,3,47,2024-10-18 19:40:15,3,3,2024-11-16 19:00:52,2024-11-16 19:00:52
1862766,239645,16,1,48,true,0,3,3,3,2024-10-18 19:41:06,0,0,2024-11-16 19:00:52,2024-11-16 19:00:52
1862786,239645,37,3,57,true,0,14,3,14,2024-10-18 19:40:15,0,0,2024-11-16 19:01:22,2024-11-16 19:01:22
1862794,239645,16,1,59,true,0,14,3,14,2024-10-18 19:41:06,0,0,2024-11-16 19:01:43,2024-11-16 19:01:43
1862846,239645,28,2,85,true,0,4,1,4,2024-11-07 19:19:07,0,5,2024-11-16 19:02:53,2024-11-16 19:02:53
1862889,239645,28,2,111,true,0,30,1,30,2024-11-07 19:19:07,0,5,2024-11-16 19:03:54,2024-11-16 19:03:54
1862917,239645,23,1,65,true,0,29,3,29,2024-11-07 19:19:49,0,0,2024-11-16 19:04:39,2024-11-16 19:04:39
1862952,239645,15,1,426,true,3,48,1,48,2024-11-07 19:26:53,3,6,2024-11-16 19:05:39,2024-11-16 19:05:39
1862958,239645,27,1,191,true,0,6,3,6,2024-11-07 19:30:01,0,0,2024-11-16 19:05:45,2024-11-16 19:05:45
1862981,239645,15,1,394,true,3,16,1,16,2024-11-07 19:26:53,3,6,2024-11-16 19:06:11,2024-11-16 19:06:11
1862982,239645,27,1,190,true,0,5,3,5,2024-11-07 19:30:01,0,0,2024-11-16 19:06:16,2024-11-16 19:06:16
1862994,239645,15,1,392,true,1,14,1,14,2024-11-07 19:26:53,1,4,2024-11-16 19:06:32,2024-11-16 19:06:32
1863035,239645,27,1,217,true,0,32,3,32,2024-11-07 19:30:01,0,0,2024-11-16 19:07:18,2024-11-16 19:07:18
1863313,239645,31,2,225,true,0,5,3,5,2024-11-07 19:35:28,0,0,2024-11-16 19:13:50,2024-11-16 19:13:50
1863856,239645,3555,2,23,true,1,23,2,23,2024-11-16 19:25:42,1,1,2024-11-16 19:25:42,2024-11-16 19:25:42
1863900,239645,3556,0,5,false,0,5,0,5,,0,0,2024-11-16 19:26:39,2024-11-16 19:26:39
1863974,239645,3556,4,12,true,0,7,2,12,2024-11-16 19:28:17,0,0,2024-11-16 19:28:17,2024-11-16 19:28:17
1863996,239645,3557,1,13,true,0,13,3,13,2024-11-16 19:28:42,0,0,2024-11-16 19:28:42,2024-11-16 19:28:42
1864036,239645,3558,1,29,true,0,29,3,29,2024-11-16 19:29:28,0,0,2024-11-16 19:29:28,2024-11-16 19:29:28
1864178,239645,3559,0,143,false,3,143,0,143,,3,3,2024-11-16 19:32:39,2024-11-16 19:32:39
1864192,239645,3560,1,13,true,0,13,3,13,2024-11-16 19:33:06,0,0,2024-11-16 19:33:06,2024-11-16 19:33:06
1864232,239645,3561,4,7,true,0,7,3,7,2024-11-16 19:33:57,0,0,2024-11-16 19:33:57,2024-11-16 19:33:57
1864392,239645,3562,0,3,false,0,3,0,3,,0,0,2024-11-16 19:37:55,2024-11-16 19:37:55
1928551,239645,4072,0,421,false,0,421,0,421,,0,0,2024-11-20 18:42:32,2024-11-20 18:42:32
1928654,239645,11655,0,165,false,0,165,0,165,,0,0,2024-11-20 18:48:23,2024-11-20 18:48:23
1928665,239645,11656,1,12,true,0,12,3,12,2024-11-20 18:48:54,0,0,2024-11-20 18:48:54,2024-11-20 18:48:54
1928666,239645,11657,0,9,false,0,9,0,9,,0,0,2024-11-20 18:48:54,2024-11-20 18:48:54
1928684,239645,11658,0,10,false,0,10,0,10,,0,0,2024-11-20 18:50:13,2024-11-20 18:50:13
1928735,239645,11658,1,154,true,1,144,2,154,2024-11-20 18:52:35,1,1,2024-11-20 18:52:36,2024-11-20 18:52:36
1928758,239645,11659,1,52,true,0,52,3,52,2024-11-20 18:53:56,0,0,2024-11-20 18:53:57,2024-11-20 18:53:57
1928759,239645,11663,0,10,false,0,10,0,10,,0,0,2024-11-20 18:53:57,2024-11-20 18:53:57
1928777,239645,11663,1,67,true,0,57,3,67,2024-11-20 18:54:44,0,0,2024-11-20 18:54:44,2024-11-20 18:54:44
1928913,239645,11664,1,339,true,2,339,1,339,2024-11-20 19:01:37,2,2,2024-11-20 19:01:38,2024-11-20 19:01:38
1928915,239645,11665,0,50,false,0,50,0,50,,0,0,2024-11-20 19:01:39,2024-11-20 19:01:39
1928941,239645,11665,1,180,true,0,80,3,180,2024-11-20 19:02:30,0,0,2024-11-20 19:02:30,2024-11-20 19:02:30
1928942,239645,11666,0,10,false,0,10,0,10,,0,0,2024-11-20 19:02:31,2024-11-20 19:02:31
1928969,239645,11666,1,84,true,0,74,3,84,2024-11-20 19:03:44,0,0,2024-11-20 19:03:44,2024-11-20 19:03:44
1928970,239645,11667,0,10,false,0,10,0,10,,0,0,2024-11-20 19:03:45,2024-11-20 19:03:45
2134116,239645,4080,0,536,false,0,536,0,536,,0,0,,
2657892,239645,6184,2,12,true,0,12,3,12,2025-02-06 18:37:11,0,0,2025-02-06 18:37:11,2025-02-06 18:37:11
2657908,239645,6185,2,10,true,0,10,3,10,2025-02-06 18:38:00,0,0,2025-02-06 18:38:00,2025-02-06 18:38:00
2657930,239645,6186,2,17,true,0,17,3,17,2025-02-06 18:39:05,0,0,2025-02-06 18:39:05,2025-02-06 18:39:05
2657979,239645,6187,0,69,false,3,69,0,69,,3,3,2025-02-06 18:42:20,2025-02-06 18:42:20
2657981,239645,6188,0,4,false,0,4,0,4,,0,0,2025-02-06 18:42:24,2025-02-06 18:42:24
2657983,239645,6187,2,81,true,3,12,1,81,2025-02-06 18:42:43,0,3,2025-02-06 18:42:43,2025-02-06 18:42:43
2658037,239645,6188,1,227,true,0,223,3,227,2025-02-06 18:47:07,0,0,2025-02-06 18:47:07,2025-02-06 18:47:07
2658075,239645,6190,0,55,false,3,55,0,55,,3,3,2025-02-06 18:49:33,2025-02-06 18:49:33
2658078,239645,6189,0,5,false,0,5,0,5,,0,0,2025-02-06 18:49:38,2025-02-06 18:49:38
2658084,239645,6191,0,24,false,0,24,0,24,,0,0,2025-02-06 18:50:02,2025-02-06 18:50:02
2658086,239645,6194,0,6,false,0,6,0,6,,0,0,2025-02-06 18:50:08,2025-02-06 18:50:08
2658088,239645,6193,0,2,false,0,2,0,2,,0,0,2025-02-06 18:50:10,2025-02-06 18:50:10
2658096,239645,6196,0,27,false,0,27,0,27,,0,0,2025-02-06 18:50:36,2025-02-06 18:50:36
2658123,239645,6198,5,16,true,0,16,2,16,2025-02-06 18:52:38,0,0,2025-02-06 18:52:38,2025-02-06 18:52:38
2658125,239645,6197,0,6,false,0,6,0,6,,0,0,2025-02-06 18:52:41,2025-02-06 18:52:41
2658127,239645,6199,0,4,false,0,4,0,4,,0,0,2025-02-06 18:52:45,2025-02-06 18:52:45
2658133,239645,6200,0,9,false,0,9,0,9,,0,0,2025-02-06 18:52:55,2025-02-06 18:52:55
2658135,239645,6201,0,7,false,0,7,0,7,,0,0,2025-02-06 18:53:02,2025-02-06 18:53:02
2658154,239645,6202,2,9,true,0,9,3,9,2025-02-06 18:53:54,0,0,2025-02-06 18:53:54,2025-02-06 18:53:54
2658200,239645,1781,4,8,true,0,8,3,8,2025-02-06 18:56:29,0,0,2025-02-06 18:56:29,2025-02-06 18:56:29
2658207,239645,1844,1,25,true,0,25,3,25,2025-02-06 18:57:08,0,0,2025-02-06 18:57:08,2025-02-06 18:57:08
2658213,239645,1845,1,22,true,0,22,3,22,2025-02-06 18:57:38,0,0,2025-02-06 18:57:38,2025-02-06 18:57:38
2658219,239645,1846,0,46,false,3,46,0,46,,3,3,2025-02-06 18:58:30,2025-02-06 18:58:30
2658236,239645,1847,0,122,false,3,122,0,122,,3,3,2025-02-06 19:00:57,2025-02-06 19:00:57
2658237,239645,1848,0,4,false,0,4,0,4,,0,0,2025-02-06 19:01:01,2025-02-06 19:01:01
2658250,239645,1850,2,14,true,0,14,1,14,2025-02-06 19:02:25,0,0,2025-02-06 19:02:25,2025-02-06 19:02:25
2658257,239645,1851,1,41,true,0,41,3,41,2025-02-06 19:03:15,0,0,2025-02-06 19:03:15,2025-02-06 19:03:15
2658265,239645,1854,0,36,false,3,36,0,36,,3,3,2025-02-06 19:04:02,2025-02-06 19:04:02
2658268,239645,1854,1,45,true,3,9,1,45,2025-02-06 19:04:18,0,3,2025-02-06 19:04:18,2025-02-06 19:04:18
334072,239645,7284,0,144,false,3,144,0,144,,3,3,2024-04-17 19:07:18,2024-04-17 19:07:18
334114,239645,1752,0,30,false,0,30,0,30,,0,0,2024-04-17 19:09:36,2024-04-17 19:09:36
334194,239645,1739,0,233,false,1,233,0,233,,1,1,2024-04-17 19:14:20,2024-04-17 19:14:20
334320,239645,7030,0,133,false,2,133,0,133,,2,2,2024-04-17 19:21:28,2024-04-17 19:21:28
334386,239645,2448,3,246,true,4,18,1,246,2024-04-17 19:23:57,0,4,2024-04-17 19:23:57,2024-04-17 19:23:57
334513,239645,6941,0,20,false,0,20,0,20,,0,0,2024-04-17 19:28:56,2024-04-17 19:28:56
334637,239645,4545,3,11,true,1,11,2,11,2024-04-17 19:34:55,1,1,2024-04-17 19:34:55,2024-04-17 19:34:55
334642,239645,4546,0,7,false,0,7,0,7,,0,0,2024-04-17 19:35:08,2024-04-17 19:35:08
334714,239645,4547,0,134,false,0,134,0,134,,0,0,2024-04-17 19:38:49,2024-04-17 19:38:49
334807,239645,1647,3,9,true,0,9,3,9,2024-04-17 19:44:50,0,0,2024-04-17 19:44:50,2024-04-17 19:44:50
334858,239645,1773,4,11,true,0,11,2,11,2024-04-17 19:47:25,0,0,2024-04-17 19:47:25,2024-04-17 19:47:25
334926,239645,1771,1,268,true,2,268,1,268,2024-04-17 19:52:04,2,2,2024-04-17 19:52:04,2024-04-17 19:52:04
334963,239645,1772,3,10,true,0,10,2,10,2024-04-17 19:54:02,0,0,2024-04-17 19:54:02,2024-04-17 19:54:02
334978,239645,1774,1,31,true,2,31,1,31,2024-04-17 19:54:54,2,2,2024-04-17 19:54:54,2024-04-17 19:54:54
335012,239645,952,1,23,true,0,23,3,23,2024-04-17 19:56:20,0,0,2024-04-17 19:56:20,2024-04-17 19:56:20
335040,239645,953,1,37,true,0,37,3,37,2024-04-17 19:57:00,0,0,2024-04-17 19:57:00,2024-04-17 19:57:00
335056,239645,954,1,57,true,1,57,2,57,2024-04-17 19:58:04,1,1,2024-04-17 19:58:04,2024-04-17 19:58:04
335073,239645,955,1,64,true,0,64,3,64,2024-04-17 19:59:10,0,0,2024-04-17 19:59:11,2024-04-17 19:59:11
335079,239645,956,1,25,true,0,25,3,25,2024-04-17 19:59:39,0,0,2024-04-17 19:59:39,2024-04-17 19:59:39
335105,239645,957,0,81,false,3,81,0,81,,3,3,2024-04-17 20:01:14,2024-04-17 20:01:14
335109,239645,958,1,12,true,0,12,3,12,2024-04-17 20:01:28,0,0,2024-04-17 20:01:28,2024-04-17 20:01:28
335110,239645,959,0,0,false,0,0,0,0,,0,0,2024-04-17 20:01:29,2024-04-17 20:01:29
335125,239645,960,1,41,true,1,41,2,41,2024-04-17 20:02:15,1,1,2024-04-17 20:02:15,2024-04-17 20:02:15
335144,239645,961,1,69,true,1,69,2,69,2024-04-17 20:03:33,1,1,2024-04-17 20:03:33,2024-04-17 20:03:33
335152,239645,962,1,37,true,2,37,1,37,2024-04-17 20:04:14,2,2,2024-04-17 20:04:14,2024-04-17 20:04:14
335166,239645,963,0,47,false,3,47,0,47,,3,3,2024-04-17 20:05:14,2024-04-17 20:05:14
335194,239645,964,1,54,true,2,54,1,54,2024-04-17 20:06:18,2,2,2024-04-17 20:06:19,2024-04-17 20:06:19
335216,239645,965,1,58,true,1,58,2,58,2024-04-17 20:07:21,1,1,2024-04-17 20:07:21,2024-04-17 20:07:21
335252,239645,966,1,155,true,1,155,2,155,2024-04-17 20:10:02,1,1,2024-04-17 20:10:02,2024-04-17 20:10:02
335258,239645,967,1,28,true,0,28,3,28,2024-04-17 20:10:33,0,0,2024-04-17 20:10:33,2024-04-17 20:10:33
335317,239645,968,0,164,false,3,164,0,164,,3,3,2024-04-17 20:13:53,2024-04-17 20:13:53
335345,239645,969,1,55,true,0,55,3,55,2024-04-17 20:14:50,0,0,2024-04-17 20:14:51,2024-04-17 20:14:51
335351,239645,970,1,35,true,1,35,2,35,2024-04-17 20:15:28,1,1,2024-04-17 20:15:28,2024-04-17 20:15:28
335367,239645,971,1,40,true,1,40,2,40,2024-04-17 20:16:13,1,1,2024-04-17 20:16:14,2024-04-17 20:16:14
335386,239645,972,0,63,false,4,63,0,63,,4,4,2024-04-17 20:17:45,2024-04-17 20:17:45
335391,239645,973,1,19,true,0,19,3,19,2024-04-17 20:18:07,0,0,2024-04-17 20:18:07,2024-04-17 20:18:07
335396,239645,974,1,25,true,0,25,3,25,2024-04-17 20:18:34,0,0,2024-04-17 20:18:35,2024-04-17 20:18:35
335433,239645,975,0,133,false,3,133,0,133,,3,3,2024-04-17 20:21:11,2024-04-17 20:21:11
335452,239645,976,1,53,true,0,53,3,53,2024-04-17 20:22:10,0,0,2024-04-17 20:22:10,2024-04-17 20:22:10
335471,239645,977,1,47,true,0,47,3,47,2024-04-17 20:23:15,0,0,2024-04-17 20:23:15,2024-04-17 20:23:15
335474,239645,978,0,10,false,0,10,0,10,,0,0,2024-04-17 20:23:26,2024-04-17 20:23:26
335523,239645,832,1,75,true,2,75,1,75,2024-04-17 20:26:23,2,2,2024-04-17 20:26:23,2024-04-17 20:26:23
335537,239645,833,1,53,true,0,53,3,53,2024-04-17 20:27:20,0,0,2024-04-17 20:27:20,2024-04-17 20:27:20
335550,239645,834,1,38,true,0,38,3,38,2024-04-17 20:28:02,0,0,2024-04-17 20:28:02,2024-04-17 20:28:02
335567,239645,835,1,64,true,0,64,3,64,2024-04-17 20:29:10,0,0,2024-04-17 20:29:10,2024-04-17 20:29:10
335589,239645,836,1,75,true,0,75,3,75,2024-04-17 20:31:06,0,0,2024-04-17 20:31:07,2024-04-17 20:31:07
335601,239645,837,1,45,true,0,45,3,45,2024-04-17 20:31:57,0,0,2024-04-17 20:31:57,2024-04-17 20:31:57
335610,239645,838,1,34,true,2,34,1,34,2024-04-17 20:32:37,2,2,2024-04-17 20:32:37,2024-04-17 20:32:37
335632,239645,839,1,71,true,3,71,1,71,2024-04-17 20:34:01,3,3,2024-04-17 20:34:01,2024-04-17 20:34:01
335801,239645,840,0,74,false,3,74,0,74,,3,3,2024-04-17 20:49:54,2024-04-17 20:49:54
350255,239645,2523,0,5,false,0,5,0,5,,0,0,2024-04-19 19:51:10,2024-04-19 19:51:10
350272,239645,7030,2,159,true,2,18,1,159,2024-04-19 19:52:14,0,2,2024-04-19 19:52:14,2024-04-19 19:52:14
350281,239645,2523,1,41,true,1,36,2,41,2024-04-19 19:52:59,1,1,2024-04-19 19:52:59,2024-04-19 19:52:59
350288,239645,7930,1,26,true,0,26,3,26,2024-04-19 19:53:30,0,0,2024-04-19 19:53:30,2024-04-19 19:53:30
350308,239645,7931,1,61,true,3,61,1,61,2024-04-19 19:54:47,3,3,2024-04-19 19:54:47,2024-04-19 19:54:47
350316,239645,7932,1,38,true,0,38,3,38,2024-04-19 19:55:29,0,0,2024-04-19 19:55:29,2024-04-19 19:55:29
350391,239645,2524,0,260,false,3,260,0,260,,3,3,2024-04-19 20:00:45,2024-04-19 20:00:45
350394,239645,2525,0,4,false,0,4,0,4,,0,0,2024-04-19 20:01:11,2024-04-19 20:01:11
350781,239645,2585,1,809,true,1,232,2,809,2024-04-19 20:31:59,0,1,2024-04-19 20:31:59,2024-04-19 20:31:59
350855,239645,2586,0,239,false,3,239,0,239,,3,3,2024-04-19 20:37:00,2024-04-19 20:37:00
350895,239645,2588,1,167,true,0,167,3,167,2024-04-19 20:39:54,0,0,2024-04-19 20:39:54,2024-04-19 20:39:54
350973,239645,2589,0,350,false,2,350,0,350,,2,2,2024-04-19 20:46:34,2024-04-19 20:46:34
376123,239645,875,1,66,true,3,11,1,66,2024-04-22 20:07:46,0,3,2024-04-22 20:07:46,2024-04-22 20:07:46
376153,239645,876,1,76,true,0,56,3,56,2024-04-22 20:08:57,0,1,2024-04-22 20:08:57,2024-04-22 20:08:57
376157,239645,877,1,49,true,0,20,3,20,2024-04-22 20:09:13,0,1,2024-04-22 20:09:13,2024-04-22 20:09:13
376184,239645,878,1,86,true,1,69,3,69,2024-04-19 19:15:18,1,1,2024-04-22 20:10:29,2024-04-22 20:10:29
376191,239645,879,1,21,true,0,10,3,10,2024-04-19 19:15:31,0,0,2024-04-22 20:10:41,2024-04-22 20:10:41
376196,239645,880,1,42,true,0,11,3,11,2024-04-22 20:10:54,0,3,2024-04-22 20:10:54,2024-04-22 20:10:54
376203,239645,881,1,93,true,1,15,2,15,2024-04-22 20:11:14,1,4,2024-04-22 20:11:14,2024-04-22 20:11:14
376206,239645,882,1,29,true,1,18,2,18,2024-04-19 19:18:07,1,2,2024-04-22 20:11:39,2024-04-22 20:11:39
376214,239645,883,1,60,true,1,28,2,28,2024-04-19 19:18:40,1,2,2024-04-22 20:12:11,2024-04-22 20:12:11
376225,239645,884,1,68,true,0,33,3,33,2024-04-22 20:12:46,0,1,2024-04-22 20:12:46,2024-04-22 20:12:46
376231,239645,885,1,57,true,3,11,1,57,2024-04-22 20:13:03,0,3,2024-04-22 20:13:03,2024-04-22 20:13:03
376457,239645,887,1,52,true,1,52,2,52,2024-04-22 20:24:07,1,1,2024-04-22 20:24:07,2024-04-22 20:24:07
376467,239645,888,1,15,true,1,15,2,15,2024-04-22 20:24:46,1,1,2024-04-22 20:24:46,2024-04-22 20:24:46
376590,239645,889,0,131,false,3,131,0,131,,3,3,2024-04-22 20:30:32,2024-04-22 20:30:32
376611,239645,890,1,54,true,1,54,2,54,2024-04-22 20:32:28,1,1,2024-04-22 20:32:28,2024-04-22 20:32:28
376627,239645,891,1,41,true,1,41,2,41,2024-04-22 20:33:38,1,1,2024-04-22 20:33:38,2024-04-22 20:33:38
376644,239645,892,1,15,true,2,15,1,15,2024-04-22 20:34:02,2,2,2024-04-22 20:34:02,2024-04-22 20:34:02
376673,239645,893,1,50,true,2,50,1,50,2024-04-22 20:34:57,2,2,2024-04-22 20:34:58,2024-04-22 20:34:58
376692,239645,894,1,40,true,0,40,3,40,2024-04-22 20:36:32,0,0,2024-04-22 20:36:32,2024-04-22 20:36:32
376698,239645,895,1,36,true,0,36,3,36,2024-04-22 20:37:13,0,0,2024-04-22 20:37:13,2024-04-22 20:37:13
376706,239645,896,1,22,true,3,22,1,22,2024-04-22 20:37:44,3,3,2024-04-22 20:37:44,2024-04-22 20:37:44
376724,239645,897,0,23,false,3,23,0,23,,3,3,2024-04-22 20:38:29,2024-04-22 20:38:29
376726,239645,898,1,11,true,0,11,3,11,2024-04-22 20:38:34,0,0,2024-04-22 20:38:34,2024-04-22 20:38:34
376732,239645,899,1,22,true,3,22,1,22,2024-04-22 20:39:17,3,3,2024-04-22 20:39:17,2024-04-22 20:39:17
376743,239645,900,1,22,true,3,22,1,22,2024-04-22 20:39:45,3,3,2024-04-22 20:39:45,2024-04-22 20:39:45
376752,239645,901,1,26,true,2,26,1,26,2024-04-22 20:40:16,2,2,2024-04-22 20:40:16,2024-04-22 20:40:16
376759,239645,902,1,25,true,1,25,2,25,2024-04-22 20:40:44,1,1,2024-04-22 20:40:44,2024-04-22 20:40:44
376773,239645,903,1,38,true,2,38,1,38,2024-04-22 20:41:46,2,2,2024-04-22 20:41:46,2024-04-22 20:41:46
376780,239645,904,1,17,true,2,17,1,17,2024-04-22 20:42:12,2,2,2024-04-22 20:42:13,2024-04-22 20:42:13
422682,239645,5941,1,654,true,0,654,3,654,2024-04-28 18:22:42,0,0,2024-04-28 18:22:42,2024-04-28 18:22:42
423130,239645,5942,0,628,false,3,628,0,628,,3,3,2024-04-28 18:46:56,2024-04-28 18:46:56
423963,239645,2534,3,3620,true,12,1363,1,3620,2024-04-28 19:32:02,2,12,2024-04-28 19:32:02,2024-04-28 19:32:02
424283,239645,2536,0,5,false,0,5,0,5,,0,0,2024-04-28 19:47:07,2024-04-28 19:47:07
424284,239645,7033,0,1,false,0,1,0,1,,0,0,2024-04-28 19:47:08,2024-04-28 19:47:08
424344,239645,2586,1,434,true,3,195,1,434,2024-04-28 19:51:37,0,3,2024-04-28 19:51:37,2024-04-28 19:51:37
424388,239645,2588,1,441,true,0,274,3,274,2024-04-19 20:39:54,0,0,2024-04-28 19:56:16,2024-04-28 19:56:16
424466,239645,2589,1,800,true,3,450,1,800,2024-04-28 20:03:53,1,3,2024-04-28 20:03:53,2024-04-28 20:03:53
435138,239645,2590,0,1307,false,2,1307,0,1307,,2,2,2024-04-30 16:27:40,2024-04-30 16:27:40
435383,239645,5942,2,653,true,3,25,1,653,2024-04-30 16:51:26,0,3,2024-04-30 16:51:26,2024-04-30 16:51:26
435402,239645,5943,0,35,false,0,35,0,35,,0,0,2024-04-30 16:54:48,2024-04-30 16:54:48
435403,239645,5944,0,3,false,0,3,0,3,,0,0,2024-04-30 16:54:50,2024-04-30 16:54:50
435808,239645,5943,2,1541,true,0,501,3,1541,2024-04-30 17:28:48,0,0,2024-04-30 17:28:48,2024-04-30 17:28:48
436204,239645,5945,3,15,true,0,15,2,15,2024-04-30 17:59:44,0,0,2024-04-30 17:59:44,2024-04-30 17:59:44
436426,239645,5946,2,315,true,0,315,3,315,2024-04-30 18:12:38,0,0,2024-04-30 18:12:38,2024-04-30 18:12:38
436441,239645,5947,1,45,true,0,45,3,45,2024-04-30 18:13:31,0,0,2024-04-30 18:13:31,2024-04-30 18:13:31
436462,239645,5948,1,62,true,0,62,3,62,2024-04-30 18:14:37,0,0,2024-04-30 18:14:37,2024-04-30 18:14:37
436496,239645,5949,4,21,true,0,21,2,21,2024-04-30 18:16:55,0,0,2024-04-30 18:16:55,2024-04-30 18:16:55
436561,239645,5950,0,16,false,0,16,0,16,,0,0,2024-04-30 18:22:50,2024-04-30 18:22:50
437300,239645,5951,4,710,true,0,710,3,710,2024-04-30 19:15:14,0,0,2024-04-30 19:15:14,2024-04-30 19:15:14
437321,239645,5952,1,78,true,0,78,3,78,2024-04-30 19:16:32,0,0,2024-04-30 19:16:32,2024-04-30 19:16:32
437641,239645,5953,1,1439,true,0,1439,3,1439,2024-04-30 19:45:07,0,0,2024-04-30 19:45:07,2024-04-30 19:45:07
437653,239645,5955,1,41,true,0,41,3,41,2024-04-30 19:45:54,0,0,2024-04-30 19:45:54,2024-04-30 19:45:54
437788,239645,5956,0,613,false,3,613,0,613,,3,3,2024-04-30 19:57:03,2024-04-30 19:57:03
438269,239645,5957,1,1678,true,0,1678,3,1678,2024-04-30 20:25:41,0,0,2024-04-30 20:25:41,2024-04-30 20:25:41
485339,239645,7152,2,176,true,0,36,2,176,2024-05-06 18:48:39,0,0,2024-05-06 18:48:39,2024-05-06 18:48:39
485349,239645,7151,0,8,false,0,8,0,8,,0,0,2024-05-06 18:49:14,2024-05-06 18:49:14
485352,239645,7153,0,3,false,0,3,0,3,,0,0,2024-05-06 18:49:17,2024-05-06 18:49:17
485359,239645,7150,0,9,false,0,9,0,9,,0,0,2024-05-06 18:49:34,2024-05-06 18:49:34
485411,239645,7151,2,46,true,0,29,2,46,2024-05-06 18:53:47,0,0,2024-05-06 18:53:47,2024-05-06 18:53:47
485432,239645,7153,2,27,true,0,24,3,27,2024-05-06 18:55:20,0,0,2024-05-06 18:55:20,2024-05-06 18:55:20
485484,239645,7154,0,105,false,3,105,0,105,,3,3,2024-05-06 18:58:02,2024-05-06 18:58:02
485505,239645,7155,1,36,true,0,36,3,36,2024-05-06 18:59:01,0,0,2024-05-06 18:59:01,2024-05-06 18:59:01
485566,239645,7156,4,8,true,0,8,1,8,2024-05-06 19:04:41,0,0,2024-05-06 19:04:41,2024-05-06 19:04:41
485604,239645,7157,1,107,true,0,107,3,107,2024-05-06 19:08:01,0,0,2024-05-06 19:08:01,2024-05-06 19:08:01
485727,239645,7158,0,165,false,3,165,0,165,,3,3,2024-05-06 19:17:38,2024-05-06 19:17:38
485752,239645,7160,0,118,false,3,118,0,118,,3,3,2024-05-06 19:19:39,2024-05-06 19:19:39
485770,239645,7159,5,16,true,1,16,2,16,2024-05-06 19:20:47,1,1,2024-05-06 19:20:47,2024-05-06 19:20:47
486028,239645,7161,3,10,true,0,10,3,10,2024-05-06 19:35:54,0,0,2024-05-06 19:35:54,2024-05-06 19:35:54
486088,239645,7162,1,167,true,0,167,3,167,2024-05-06 19:38:59,0,0,2024-05-06 19:38:59,2024-05-06 19:38:59
486118,239645,7163,1,134,true,0,134,3,134,2024-05-06 19:41:20,0,0,2024-05-06 19:41:20,2024-05-06 19:41:20
486331,239645,7164,0,173,false,3,173,0,173,,3,3,2024-05-06 19:52:30,2024-05-06 19:52:30
486381,239645,2509,1,251,true,0,124,3,251,2024-05-06 19:56:03,0,0,2024-05-06 19:56:03,2024-05-06 19:56:03
486405,239645,2510,1,74,true,0,74,3,74,2024-05-06 19:57:30,0,0,2024-05-06 19:57:30,2024-05-06 19:57:30
486410,239645,2511,1,34,true,0,34,3,34,2024-05-06 19:58:07,0,0,2024-05-06 19:58:07,2024-05-06 19:58:07
486419,239645,2513,1,26,true,0,26,3,26,2024-05-06 19:58:38,0,0,2024-05-06 19:58:38,2024-05-06 19:58:38
486438,239645,2514,4,12,true,0,12,3,12,2024-05-06 19:59:38,0,0,2024-05-06 19:59:38,2024-05-06 19:59:38
486446,239645,2515,2,17,true,0,17,3,17,2024-05-06 20:00:15,0,0,2024-05-06 20:00:15,2024-05-06 20:00:15
486464,239645,2516,0,3,false,0,3,0,3,,0,0,2024-05-06 20:01:23,2024-05-06 20:01:23
486473,239645,2516,2,29,true,0,23,1,29,2024-05-06 20:02:07,0,0,2024-05-06 20:02:07,2024-05-06 20:02:07
486518,239645,2517,1,44,true,0,44,3,44,2024-05-06 20:04:01,0,0,2024-05-06 20:04:01,2024-05-06 20:04:01
486527,239645,2518,2,14,true,0,14,3,14,2024-05-06 20:04:38,0,0,2024-05-06 20:04:39,2024-05-06 20:04:39
486534,239645,2519,1,21,true,0,21,3,21,2024-05-06 20:05:08,0,0,2024-05-06 20:05:08,2024-05-06 20:05:08
486539,239645,2520,1,27,true,0,27,3,27,2024-05-06 20:05:33,0,0,2024-05-06 20:05:33,2024-05-06 20:05:33
486553,239645,7311,0,71,false,3,71,0,71,,3,3,2024-05-06 20:06:53,2024-05-06 20:06:53
486554,239645,7312,0,4,false,0,4,0,4,,0,0,2024-05-06 20:06:57,2024-05-06 20:06:57
486556,239645,7311,1,155,true,6,13,1,155,2024-05-06 20:07:12,0,6,2024-05-06 20:07:12,2024-05-06 20:07:12
486565,239645,7312,1,25,true,0,21,3,25,2024-05-06 20:07:36,0,0,2024-05-06 20:07:36,2024-05-06 20:07:36
486587,239645,7313,1,26,true,0,26,3,26,2024-05-06 20:08:30,0,0,2024-05-06 20:08:30,2024-05-06 20:08:30
486618,239645,2462,0,70,false,0,70,0,70,,0,0,2024-05-06 20:10:37,2024-05-06 20:10:37
486782,239645,6213,1,554,true,0,554,3,554,2024-05-06 20:24:21,0,0,2024-05-06 20:24:21,2024-05-06 20:24:21
486799,239645,6216,1,22,true,0,22,3,22,2024-05-06 20:26:09,0,0,2024-05-06 20:26:09,2024-05-06 20:26:09
486810,239645,6217,1,26,true,0,26,3,26,2024-05-06 20:28:07,0,0,2024-05-06 20:28:07,2024-05-06 20:28:07
486814,239645,6218,1,20,true,0,20,3,20,2024-05-06 20:28:41,0,0,2024-05-06 20:28:41,2024-05-06 20:28:41
486847,239645,6219,3,6,true,0,6,2,6,2024-05-06 20:32:16,0,0,2024-05-06 20:32:16,2024-05-06 20:32:16
486885,239645,6220,1,122,true,0,122,3,122,2024-05-06 20:34:21,0,0,2024-05-06 20:34:21,2024-05-06 20:34:21
487164,239645,6221,0,490,false,3,490,0,490,,3,3,2024-05-06 20:54:56,2024-05-06 20:54:56
592298,239645,10902,0,30,false,0,30,0,30,,0,0,2024-05-18 14:21:38,2024-05-18 14:21:38
593119,239645,10898,0,51,false,0,51,0,51,,0,0,2024-05-18 15:23:45,2024-05-18 15:23:45
594530,239645,10904,0,70,false,0,70,0,70,,0,0,2024-05-18 18:25:34,2024-05-18 18:25:34
1161720,239645,2892,0,20,false,0,20,0,20,,0,0,2024-09-10 17:59:52,2024-09-10 17:59:52
1161790,239645,3658,0,779,false,0,779,0,779,,0,0,2024-09-10 18:13:49,2024-09-10 18:13:49
1161793,239645,2892,2,90,true,2,70,1,90,2024-09-10 18:16:27,2,2,2024-09-10 18:16:27,2024-09-10 18:16:27
1161794,239645,2893,2,22,true,0,22,3,22,2024-09-10 18:17:23,0,0,2024-09-10 18:17:23,2024-09-10 18:17:23
1161797,239645,2895,2,8,true,0,8,3,8,2024-09-10 18:18:05,0,0,2024-09-10 18:18:05,2024-09-10 18:18:05
1161803,239645,2896,2,22,true,0,22,3,22,2024-09-10 18:20:07,0,0,2024-09-10 18:20:07,2024-09-10 18:20:07
1161804,239645,2897,1,36,true,0,36,3,36,2024-09-10 18:20:48,0,0,2024-09-10 18:20:48,2024-09-10 18:20:48
1161806,239645,2898,1,27,true,0,27,3,27,2024-09-10 18:21:34,0,0,2024-09-10 18:21:34,2024-09-10 18:21:34
1161824,239645,2900,1,188,true,1,188,2,188,2024-09-10 18:24:54,1,1,2024-09-10 18:24:54,2024-09-10 18:24:54
1161923,239645,2901,2,329,true,0,329,1,329,2024-09-10 18:46:40,0,0,2024-09-10 18:46:40,2024-09-10 18:46:40
1161997,239645,2899,0,725,false,3,725,0,725,,3,3,2024-09-10 19:01:20,2024-09-10 19:01:20
1162008,239645,3660,0,90,false,1,90,0,90,,1,1,2024-09-10 19:02:52,2024-09-10 19:02:52
1162029,239645,2904,1,36,true,0,36,3,36,2024-09-10 19:04:52,0,0,2024-09-10 19:04:52,2024-09-10 19:04:52
1162086,239645,2905,1,215,true,0,215,3,215,2024-09-10 19:08:56,0,0,2024-09-10 19:08:56,2024-09-10 19:08:56
1162107,239645,2906,4,26,true,0,26,3,26,2024-09-10 19:10:56,0,0,2024-09-10 19:10:56,2024-09-10 19:10:56
1162134,239645,3661,1,97,true,1,97,2,97,2024-09-10 19:12:49,1,1,2024-09-10 19:12:49,2024-09-10 19:12:49
1162171,239645,3659,0,9,false,0,9,0,9,,0,0,2024-09-10 19:15:14,2024-09-10 19:15:14
1162195,239645,3060,1,101,true,1,101,2,101,2024-09-10 19:17:05,1,1,2024-09-10 19:17:05,2024-09-10 19:17:05
1162207,239645,3061,1,34,true,0,34,3,34,2024-09-10 19:17:54,0,0,2024-09-10 19:17:54,2024-09-10 19:17:54
1162230,239645,3062,1,58,true,0,58,3,58,2024-09-10 19:19:17,0,0,2024-09-10 19:19:17,2024-09-10 19:19:17
1162313,239645,3063,1,551,true,0,551,3,551,2024-09-10 19:28:42,0,0,2024-09-10 19:28:42,2024-09-10 19:28:42
1162334,239645,3064,3,42,true,0,42,3,42,2024-09-10 19:31:43,0,0,2024-09-10 19:31:43,2024-09-10 19:31:43
1162338,239645,3065,1,8,true,0,8,3,8,2024-09-10 19:32:17,0,0,2024-09-10 19:32:17,2024-09-10 19:32:17
1162356,239645,3066,1,27,true,0,27,3,27,2024-09-10 19:34:46,0,0,2024-09-10 19:34:46,2024-09-10 19:34:46
1162376,239645,3067,1,36,true,0,36,3,36,2024-09-10 19:36:31,0,0,2024-09-10 19:36:31,2024-09-10 19:36:31
1162383,239645,3070,1,20,true,0,20,3,20,2024-09-10 19:37:22,0,0,2024-09-10 19:37:22,2024-09-10 19:37:22
1162498,239645,3068,1,166,true,0,166,3,166,2024-09-10 20:00:03,0,0,2024-09-10 20:00:03,2024-09-10 20:00:03
1162499,239645,3069,0,7,false,0,7,0,7,,0,0,2024-09-10 20:00:06,2024-09-10 20:00:06
1162542,239645,3069,1,329,true,1,322,2,329,2024-09-10 20:06:33,1,1,2024-09-10 20:06:33,2024-09-10 20:06:33
1162543,239645,3662,0,26,false,1,26,0,26,,1,1,2024-09-10 20:06:33,2024-09-10 20:06:33
1162686,239645,3662,3,579,true,3,20,1,579,2024-09-10 20:28:09,0,3,2024-09-10 20:28:09,2024-09-10 20:28:09
1162785,239645,3071,1,419,true,0,419,3,419,2024-09-10 20:43:33,0,0,2024-09-10 20:43:33,2024-09-10 20:43:33
1162871,239645,3072,3,16,true,0,16,1,16,2024-09-10 20:53:42,0,0,2024-09-10 20:53:42,2024-09-10 20:53:42
1162893,239645,3663,1,135,true,0,135,3,135,2024-09-10 20:56:03,0,0,2024-09-10 20:56:03,2024-09-10 20:56:03
1360123,239645,20,3,332,true,0,332,3,332,2024-10-11 19:07:23,0,0,2024-10-11 19:07:23,2024-10-11 19:07:23
335822,239645,841,1,67,true,2,67,1,67,2024-04-17 20:51:19,2,2,2024-04-17 20:51:19,2024-04-17 20:51:19
335842,239645,842,0,68,false,3,68,0,68,,3,3,2024-04-17 20:52:52,2024-04-17 20:52:52
335857,239645,843,1,26,true,3,26,1,26,2024-04-17 20:53:36,3,3,2024-04-17 20:53:37,2024-04-17 20:53:37
335879,239645,844,1,105,true,2,105,1,105,2024-04-17 20:55:29,2,2,2024-04-17 20:55:29,2024-04-17 20:55:29
335913,239645,845,1,159,true,3,159,1,159,2024-04-17 20:58:19,3,3,2024-04-17 20:58:19,2024-04-17 20:58:19
335918,239645,846,1,36,true,0,36,3,36,2024-04-17 20:59:01,0,0,2024-04-17 20:59:01,2024-04-17 20:59:01
335922,239645,847,1,12,true,2,12,1,12,2024-04-17 20:59:21,2,2,2024-04-17 20:59:21,2024-04-17 20:59:21
348817,239645,848,0,350,false,0,350,0,350,,0,0,2024-04-19 18:38:52,2024-04-19 18:38:52
348830,239645,840,1,82,true,3,8,1,82,2024-04-19 18:40:07,0,3,2024-04-19 18:40:07,2024-04-19 18:40:07
348972,239645,849,0,1,false,0,1,0,1,,0,0,2024-04-19 18:50:56,2024-04-19 18:50:56
348973,239645,850,0,0,false,0,0,0,0,,0,0,2024-04-19 18:50:57,2024-04-19 18:50:57
348975,239645,851,0,4,false,0,4,0,4,,0,0,2024-04-19 18:51:01,2024-04-19 18:51:01
348983,239645,849,1,35,true,0,33,3,35,2024-04-19 18:51:49,0,0,2024-04-19 18:51:49,2024-04-19 18:51:49
348995,239645,850,1,34,true,0,33,3,34,2024-04-19 18:52:29,0,0,2024-04-19 18:52:29,2024-04-19 18:52:29
349010,239645,851,1,58,true,2,50,1,58,2024-04-19 18:53:26,2,2,2024-04-19 18:53:26,2024-04-19 18:53:26
349032,239645,852,1,73,true,0,73,3,73,2024-04-19 18:54:42,0,0,2024-04-19 18:54:42,2024-04-19 18:54:42
349057,239645,853,1,68,true,2,68,1,68,2024-04-19 18:55:58,2,2,2024-04-19 18:55:58,2024-04-19 18:55:58
349069,239645,854,1,36,true,0,36,3,36,2024-04-19 18:56:40,0,0,2024-04-19 18:56:41,2024-04-19 18:56:41
349090,239645,855,1,48,true,3,48,1,48,2024-04-19 18:57:46,3,3,2024-04-19 18:57:47,2024-04-19 18:57:47
349108,239645,856,1,30,true,2,30,1,30,2024-04-19 18:58:26,2,2,2024-04-19 18:58:26,2024-04-19 18:58:26
349128,239645,857,1,39,true,1,39,2,39,2024-04-19 18:59:09,1,1,2024-04-19 18:59:09,2024-04-19 18:59:09
349158,239645,858,1,67,true,3,67,1,67,2024-04-19 19:00:28,3,3,2024-04-19 19:00:28,2024-04-19 19:00:28
349163,239645,859,1,15,true,0,15,3,15,2024-04-19 19:00:46,0,0,2024-04-19 19:00:46,2024-04-19 19:00:46
349176,239645,860,1,41,true,0,41,3,41,2024-04-19 19:01:35,0,0,2024-04-19 19:01:35,2024-04-19 19:01:35
349202,239645,861,1,78,true,1,78,2,78,2024-04-19 19:02:58,1,1,2024-04-19 19:02:58,2024-04-19 19:02:58
349206,239645,862,1,12,true,0,12,3,12,2024-04-19 19:03:15,0,0,2024-04-19 19:03:15,2024-04-19 19:03:15
349220,239645,863,1,14,true,0,14,3,14,2024-04-19 19:03:33,0,0,2024-04-19 19:03:33,2024-04-19 19:03:33
349244,239645,864,1,67,true,1,67,2,67,2024-04-19 19:04:44,1,1,2024-04-19 19:04:44,2024-04-19 19:04:44
349246,239645,865,1,23,true,0,23,3,23,2024-04-19 19:05:10,0,0,2024-04-19 19:05:10,2024-04-19 19:05:10
349250,239645,866,1,6,true,0,6,3,6,2024-04-19 19:05:19,0,0,2024-04-19 19:05:19,2024-04-19 19:05:19
349257,239645,867,1,9,true,1,9,2,9,2024-04-19 19:05:33,1,1,2024-04-19 19:05:33,2024-04-19 19:05:33
349264,239645,868,1,26,true,0,26,3,26,2024-04-19 19:06:03,0,0,2024-04-19 19:06:03,2024-04-19 19:06:03
349279,239645,869,1,57,true,3,57,1,57,2024-04-19 19:07:09,3,3,2024-04-19 19:07:09,2024-04-19 19:07:09
349297,239645,870,1,28,true,1,28,2,28,2024-04-19 19:08:03,1,1,2024-04-19 19:08:03,2024-04-19 19:08:03
349328,239645,871,1,22,true,0,22,3,22,2024-04-19 19:09:57,0,0,2024-04-19 19:09:57,2024-04-19 19:09:57
349344,239645,872,1,19,true,0,19,3,19,2024-04-19 19:11:19,0,0,2024-04-19 19:11:19,2024-04-19 19:11:19
349354,239645,873,1,48,true,2,48,1,48,2024-04-19 19:12:16,2,2,2024-04-19 19:12:16,2024-04-19 19:12:16
349366,239645,874,1,27,true,1,27,2,27,2024-04-19 19:12:50,1,1,2024-04-19 19:12:51,2024-04-19 19:12:51
349384,239645,875,0,55,false,3,55,0,55,,3,3,2024-04-19 19:13:57,2024-04-19 19:13:57
349392,239645,876,1,20,true,1,20,2,20,2024-04-19 19:14:24,1,1,2024-04-19 19:14:24,2024-04-19 19:14:24
349405,239645,877,1,29,true,1,29,2,29,2024-04-19 19:14:58,1,1,2024-04-19 19:14:58,2024-04-19 19:14:58
349413,239645,878,1,17,true,0,17,3,17,2024-04-19 19:15:18,0,0,2024-04-19 19:15:18,2024-04-19 19:15:18
349417,239645,879,1,11,true,0,11,3,11,2024-04-19 19:15:31,0,0,2024-04-19 19:15:31,2024-04-19 19:15:31
349435,239645,880,1,31,true,3,31,1,31,2024-04-19 19:16:17,3,3,2024-04-19 19:16:17,2024-04-19 19:16:17
349478,239645,881,1,78,true,3,78,1,78,2024-04-19 19:17:46,3,3,2024-04-19 19:17:46,2024-04-19 19:17:46
349489,239645,882,1,11,true,1,11,2,11,2024-04-19 19:18:07,1,1,2024-04-19 19:18:07,2024-04-19 19:18:07
349504,239645,883,1,32,true,1,32,2,32,2024-04-19 19:18:40,1,1,2024-04-19 19:18:40,2024-04-19 19:18:40
349516,239645,884,1,35,true,1,35,2,35,2024-04-19 19:19:24,1,1,2024-04-19 19:19:24,2024-04-19 19:19:24
349544,239645,885,0,46,false,3,46,0,46,,3,3,2024-04-19 19:20:31,2024-04-19 19:20:31
349599,239645,886,0,121,false,1,121,0,121,,1,1,2024-04-19 19:22:34,2024-04-19 19:22:34
349711,239645,7274,3,10,true,1,10,2,10,2024-04-19 19:29:33,1,1,2024-04-19 19:29:33,2024-04-19 19:29:33
349717,239645,7275,0,10,false,0,10,0,10,,0,0,2024-04-19 19:29:55,2024-04-19 19:29:55
349877,239645,7275,1,300,true,1,270,2,300,2024-04-19 19:42:10,1,1,2024-04-19 19:42:10,2024-04-19 19:42:10
349887,239645,7276,1,26,true,2,26,1,26,2024-04-19 19:42:48,2,2,2024-04-19 19:42:48,2024-04-19 19:42:48
349895,239645,7277,0,20,false,0,20,0,20,,0,0,2024-04-19 19:43:10,2024-04-19 19:43:10
368511,239645,2529,0,307,false,4,307,0,307,,4,4,2024-04-21 19:59:48,2024-04-21 19:59:48
368550,239645,2448,3,270,true,1,24,1,24,2024-04-17 19:23:57,1,5,2024-04-21 20:02:19,2024-04-21 20:02:19
368627,239645,2450,1,45,true,0,12,3,12,2024-04-16 18:52:24,0,0,2024-04-21 20:06:13,2024-04-21 20:06:13
368638,239645,2449,1,716,true,10,28,1,716,2024-04-21 20:06:48,0,10,2024-04-21 20:06:48,2024-04-21 20:06:48
368657,239645,2450,1,69,true,0,36,3,36,2024-04-16 18:52:24,0,0,2024-04-21 20:07:42,2024-04-21 20:07:42
368698,239645,7301,1,399,true,1,169,2,169,2024-04-16 18:56:29,1,2,2024-04-21 20:10:39,2024-04-21 20:10:39
368770,239645,2451,1,375,true,1,326,2,326,2024-04-16 18:57:26,1,2,2024-04-21 20:16:09,2024-04-21 20:16:09
368796,239645,2452,1,296,true,0,115,3,115,2024-04-21 20:18:46,0,1,2024-04-21 20:18:46,2024-04-21 20:18:46
368939,239645,2448,3,282,true,0,36,1,36,2024-04-17 19:23:57,0,4,2024-04-21 20:29:35,2024-04-21 20:29:35
368946,239645,2450,1,45,true,0,12,3,12,2024-04-16 18:52:24,0,0,2024-04-21 20:30:14,2024-04-21 20:30:14
368980,239645,7301,1,368,true,0,138,3,138,2024-04-21 20:32:34,0,1,2024-04-21 20:32:34,2024-04-21 20:32:34
368985,239645,2451,1,61,true,0,12,3,12,2024-04-21 20:32:49,0,1,2024-04-21 20:32:49,2024-04-21 20:32:49
369069,239645,2448,3,264,true,0,18,2,18,2024-04-21 20:37:44,0,4,2024-04-21 20:37:44,2024-04-21 20:37:44
369073,239645,2450,1,46,true,0,13,3,13,2024-04-16 18:52:24,0,0,2024-04-21 20:38:16,2024-04-21 20:38:16
369131,239645,2450,1,75,true,0,42,3,42,2024-04-16 18:52:24,0,0,2024-04-21 20:43:11,2024-04-21 20:43:11
383900,239645,911,1,12,true,2,12,1,12,2024-04-23 20:48:18,2,2,2024-04-23 20:48:18,2024-04-23 20:48:18
383959,239645,2508,1,70,true,0,70,3,70,2024-04-23 20:53:12,0,0,2024-04-23 20:53:12,2024-04-23 20:53:12
383990,239645,2509,0,65,false,0,65,0,65,,0,0,2024-04-23 20:55:07,2024-04-23 20:55:07
403882,239645,2532,1,132,true,0,132,3,132,2024-04-26 18:51:08,0,0,2024-04-26 18:51:08,2024-04-26 18:51:08
404064,239645,2533,1,426,true,1,426,2,426,2024-04-26 18:58:28,1,1,2024-04-26 18:58:28,2024-04-26 18:58:28
404384,239645,2534,0,160,false,2,160,0,160,,2,2,2024-04-26 19:11:05,2024-04-26 19:11:05
404392,239645,2535,0,2,false,0,2,0,2,,0,0,2024-04-26 19:11:22,2024-04-26 19:11:22
404521,239645,7032,0,4,false,0,4,0,4,,0,0,2024-04-26 19:17:03,2024-04-26 19:17:03
444275,239645,6072,3,19,true,0,19,2,19,2024-05-01 15:12:38,0,0,2024-05-01 15:12:38,2024-05-01 15:12:38
444365,239645,6073,2,317,true,0,317,3,317,2024-05-01 15:20:25,0,0,2024-05-01 15:20:25,2024-05-01 15:20:25
479985,239645,6083,4,365,true,0,365,3,365,2024-05-05 19:04:14,0,0,2024-05-05 19:04:14,2024-05-05 19:04:14
480034,239645,6085,1,124,true,0,124,3,124,2024-05-05 19:07:17,0,0,2024-05-05 19:07:17,2024-05-05 19:07:17
480036,239645,6086,0,5,false,0,5,0,5,,0,0,2024-05-05 19:07:22,2024-05-05 19:07:22
480037,239645,6087,0,3,false,0,3,0,3,,0,0,2024-05-05 19:07:25,2024-05-05 19:07:25
480060,239645,6086,3,23,true,0,18,2,23,2024-05-05 19:08:37,0,0,2024-05-05 19:08:37,2024-05-05 19:08:37
480129,239645,6075,1,344,true,5,166,1,344,2024-05-05 19:13:28,2,5,2024-05-05 19:13:28,2024-05-05 19:13:28
480461,239645,6087,1,110,true,0,87,3,110,2024-05-05 19:35:17,0,0,2024-05-05 19:35:17,2024-05-05 19:35:17
480488,239645,6088,1,50,true,0,50,3,50,2024-05-05 19:37:22,0,0,2024-05-05 19:37:22,2024-05-05 19:37:22
480823,239645,2535,3,1102,true,6,227,1,1102,2024-05-05 19:57:33,0,6,2024-05-05 19:57:33,2024-05-05 19:57:33
523319,239645,8842,1,66,true,0,66,3,66,2024-05-11 12:08:39,0,0,2024-05-11 12:08:39,2024-05-11 12:08:39
523335,239645,8843,1,52,true,0,52,3,52,2024-05-11 12:09:54,0,0,2024-05-11 12:09:54,2024-05-11 12:09:54
523362,239645,8844,1,73,true,1,73,2,73,2024-05-11 12:11:20,1,1,2024-05-11 12:11:20,2024-05-11 12:11:20
523407,239645,8845,3,13,true,0,13,2,13,2024-05-11 12:14:18,0,0,2024-05-11 12:14:18,2024-05-11 12:14:18
523483,239645,8846,3,10,true,0,10,2,10,2024-05-11 12:20:45,0,0,2024-05-11 12:20:45,2024-05-11 12:20:45
523488,239645,8847,1,54,true,0,54,3,54,2024-05-11 12:21:47,0,0,2024-05-11 12:21:48,2024-05-11 12:21:48
523590,239645,8848,3,13,true,0,13,2,13,2024-05-11 12:29:14,0,0,2024-05-11 12:29:14,2024-05-11 12:29:14
524171,239645,8849,3,9,true,0,9,2,9,2024-05-11 13:18:41,0,0,2024-05-11 13:18:41,2024-05-11 13:18:41
524196,239645,8850,1,87,true,0,87,3,87,2024-05-11 13:22:04,0,0,2024-05-11 13:22:04,2024-05-11 13:22:04
524294,239645,8851,1,125,true,2,125,1,125,2024-05-11 13:28:54,2,2,2024-05-11 13:28:54,2024-05-11 13:28:54
524306,239645,8852,1,87,true,0,87,3,87,2024-05-11 13:30:35,0,0,2024-05-11 13:30:35,2024-05-11 13:30:35
807292,239645,6213,1,1032,true,3,478,3,478,2024-05-06 20:24:21,3,3,2024-07-01 20:03:39,2024-07-01 20:03:39
807310,239645,6216,1,113,true,0,91,3,91,2024-05-06 20:26:09,0,0,2024-07-01 20:05:54,2024-07-01 20:05:54
807315,239645,6217,1,71,true,0,45,3,45,2024-05-06 20:28:07,0,0,2024-07-01 20:07:03,2024-07-01 20:07:03
807320,239645,6218,1,105,true,0,85,3,85,2024-05-06 20:28:41,0,0,2024-07-01 20:08:47,2024-07-01 20:08:47
807327,239645,6219,3,18,true,0,12,2,12,2024-05-06 20:32:16,0,0,2024-07-01 20:09:47,2024-07-01 20:09:47
807340,239645,6220,1,272,true,2,150,3,150,2024-05-06 20:34:21,2,2,2024-07-01 20:13:05,2024-07-01 20:13:05
807409,239645,6213,1,564,true,0,10,3,10,2024-05-06 20:24:21,0,0,2024-07-01 20:36:25,2024-07-01 20:36:25
807420,239645,6219,3,59,true,1,53,2,53,2024-05-06 20:32:16,1,1,2024-07-01 20:39:13,2024-07-01 20:39:13
807436,239645,6220,1,338,true,0,216,3,216,2024-05-06 20:34:21,0,0,2024-07-01 20:43:01,2024-07-01 20:43:01
807498,239645,6213,1,1213,true,3,659,3,659,2024-05-06 20:24:21,3,3,2024-07-01 21:02:16,2024-07-01 21:02:16
807546,239645,6216,1,681,true,0,659,3,659,2024-05-06 20:26:09,0,0,2024-07-01 21:13:28,2024-07-01 21:13:28
807576,239645,6222,1,399,true,0,399,3,399,2024-07-01 21:25:24,0,0,2024-07-01 21:25:24,2024-07-01 21:25:24
807578,239645,6223,3,6,true,0,6,3,6,2024-07-01 21:25:59,0,0,2024-07-01 21:25:59,2024-07-01 21:25:59
807597,239645,6234,0,570,false,3,570,0,570,,3,3,2024-07-01 21:36:06,2024-07-01 21:36:06
807620,239645,6235,1,892,true,2,892,1,892,2024-07-01 21:51:17,2,2,2024-07-01 21:51:17,2024-07-01 21:51:17
807624,239645,6237,2,197,true,0,197,3,197,2024-07-01 21:57:46,0,0,2024-07-01 21:57:46,2024-07-01 21:57:46
807639,239645,6240,1,500,true,2,500,1,500,2024-07-01 22:06:22,2,2,2024-07-01 22:06:22,2024-07-01 22:06:22
807678,239645,6239,2,128,true,0,128,2,128,2024-07-01 22:21:05,0,0,2024-07-01 22:21:05,2024-07-01 22:21:05
1024272,239645,8547,4,15,true,0,15,1,15,2024-08-13 16:39:25,0,0,2024-08-13 16:39:25,2024-08-13 16:39:25
1024284,239645,8548,1,155,true,0,155,3,155,2024-08-13 16:42:09,0,0,2024-08-13 16:42:10,2024-08-13 16:42:10
1024293,239645,8549,1,66,true,0,66,3,66,2024-08-13 16:43:23,0,0,2024-08-13 16:43:23,2024-08-13 16:43:23
1024300,239645,8550,1,74,true,0,74,3,74,2024-08-13 16:44:48,0,0,2024-08-13 16:44:48,2024-08-13 16:44:48
1024308,239645,8551,1,39,true,0,39,3,39,2024-08-13 16:45:31,0,0,2024-08-13 16:45:31,2024-08-13 16:45:31
1024313,239645,8552,1,24,true,0,24,3,24,2024-08-13 16:46:01,0,0,2024-08-13 16:46:01,2024-08-13 16:46:01
1024316,239645,8553,1,27,true,0,27,3,27,2024-08-13 16:46:32,0,0,2024-08-13 16:46:32,2024-08-13 16:46:32
1024318,239645,8554,1,28,true,0,28,3,28,2024-08-13 16:47:08,0,0,2024-08-13 16:47:08,2024-08-13 16:47:08
1024361,239645,8555,1,201,true,2,201,1,201,2024-08-13 16:50:51,2,2,2024-08-13 16:50:51,2024-08-13 16:50:51
1024586,239645,8556,0,66,false,1,66,0,66,,1,1,2024-08-13 17:28:57,2024-08-13 17:28:57
1024592,239645,8556,4,124,true,1,58,2,124,2024-08-13 17:30:18,0,1,2024-08-13 17:30:18,2024-08-13 17:30:18
1024594,239645,8557,0,11,false,0,11,0,11,,0,0,2024-08-13 17:30:27,2024-08-13 17:30:27
1037068,239645,8562,0,41,false,3,41,0,41,,3,3,2024-08-16 12:16:05,2024-08-16 12:16:05
1136115,239645,11712,0,220,false,0,220,0,220,,0,0,2024-09-05 07:03:54,2024-09-05 07:03:54
1136116,239645,11713,0,70,false,0,70,0,70,,0,0,2024-09-05 07:06:36,2024-09-05 07:06:36
1136134,239645,2876,0,2093,false,0,2093,0,2093,,0,0,2024-09-05 07:42:38,2024-09-05 07:42:38
1136135,239645,3653,0,13,false,0,13,0,13,,0,0,2024-09-05 07:42:51,2024-09-05 07:42:51
1136137,239645,2876,1,2233,true,0,140,3,2233,2024-09-05 07:49:19,0,0,2024-09-05 07:49:19,2024-09-05 07:49:19
1136140,239645,2877,2,24,true,0,24,3,24,2024-09-05 07:50:38,0,0,2024-09-05 07:50:38,2024-09-05 07:50:38
1136149,239645,2878,6,85,true,0,85,2,85,2024-09-05 07:55:10,0,0,2024-09-05 07:55:10,2024-09-05 07:55:10
1136156,239645,2879,2,61,true,0,61,3,61,2024-09-05 07:58:50,0,0,2024-09-05 07:58:50,2024-09-05 07:58:50
1136163,239645,2880,1,234,true,0,234,3,234,2024-09-05 08:02:49,0,0,2024-09-05 08:02:49,2024-09-05 08:02:49
1136166,239645,2881,1,22,true,0,22,3,22,2024-09-05 08:03:27,0,0,2024-09-05 08:03:27,2024-09-05 08:03:27
1136167,239645,2883,1,88,true,0,88,3,88,2024-09-05 08:05:00,0,0,2024-09-05 08:05:00,2024-09-05 08:05:00
1136170,239645,2884,0,99,false,0,99,0,99,,0,0,2024-09-05 08:06:37,2024-09-05 08:06:37
1136171,239645,2886,0,4,false,0,4,0,4,,0,0,2024-09-05 08:06:41,2024-09-05 08:06:41
1360286,239645,22,2,216,true,0,190,3,216,2024-10-11 19:15:47,0,0,2024-10-11 19:15:47,2024-10-11 19:15:47
1360556,239645,39,2,377,true,0,369,3,377,2024-10-11 19:27:34,0,0,2024-10-11 19:27:34,2024-10-11 19:27:34
1360607,239645,3385,0,70,false,0,70,0,70,,0,0,2024-10-11 19:29:46,2024-10-11 19:29:46
1360154,239645,21,1,78,true,0,78,3,78,2024-10-11 19:08:49,0,0,2024-10-11 19:08:49,2024-10-11 19:08:49
1360194,239645,22,0,9,false,0,9,0,9,,0,0,2024-10-11 19:11:42,2024-10-11 19:11:42
1360205,239645,39,0,8,false,0,8,0,8,,0,0,2024-10-11 19:12:10,2024-10-11 19:12:10
1398764,239645,1031,0,18,false,1,18,0,18,,1,1,2024-10-15 19:54:17,2024-10-15 19:54:17
1866810,239645,83,1,426,true,0,346,3,426,2024-11-16 20:43:23,0,0,2024-11-16 20:43:23,2024-11-16 20:43:23
1866851,239645,7893,1,67,true,0,67,3,67,2024-11-16 20:44:41,0,0,2024-11-16 20:44:41,2024-11-16 20:44:41
1866896,239645,84,1,81,true,0,81,3,81,2024-11-16 20:46:07,0,0,2024-11-16 20:46:07,2024-11-16 20:46:07
1866914,239645,7894,1,26,true,0,26,3,26,2024-11-16 20:46:44,0,0,2024-11-16 20:46:44,2024-11-16 20:46:44
1866950,239645,7895,1,41,true,0,41,3,41,2024-11-16 20:47:43,0,0,2024-11-16 20:47:43,2024-11-16 20:47:43
1867013,239645,86,0,48,false,4,48,0,48,,4,4,2024-11-16 20:49:14,2024-11-16 20:49:14
1867017,239645,109,0,2,false,0,2,0,2,,0,0,2024-11-16 20:49:16,2024-11-16 20:49:16
1867036,239645,86,2,102,true,8,6,1,102,2024-11-16 20:49:42,0,8,2024-11-16 20:49:42,2024-11-16 20:49:42
1867658,239645,109,1,974,true,0,972,3,974,2024-11-16 21:07:33,0,0,2024-11-16 21:07:33,2024-11-16 21:07:33
1867966,239645,88,0,617,false,3,617,0,617,,3,3,2024-11-16 21:17:53,2024-11-16 21:17:53
1867997,239645,7896,0,73,false,3,73,0,73,,3,3,2024-11-16 21:19:19,2024-11-16 21:19:19
1868074,239645,89,0,190,false,0,190,0,190,,0,0,2024-11-16 21:22:38,2024-11-16 21:22:38
1920079,239645,4058,3,156,true,0,156,3,156,2024-11-19 20:57:52,0,0,2024-11-19 20:57:52,2024-11-19 20:57:52
1920191,239645,4059,2,9,true,0,9,3,9,2024-11-19 21:06:15,0,0,2024-11-19 21:06:15,2024-11-19 21:06:15
1920212,239645,4063,1,78,true,0,78,3,78,2024-11-19 21:07:41,0,0,2024-11-19 21:07:41,2024-11-19 21:07:41
1920243,239645,4067,0,147,false,3,147,0,147,,3,3,2024-11-19 21:10:29,2024-11-19 21:10:29
1920246,239645,4069,0,4,false,0,4,0,4,,0,0,2024-11-19 21:10:32,2024-11-19 21:10:32
1920279,239645,4067,1,355,true,7,61,1,355,2024-11-19 21:12:49,1,7,2024-11-19 21:12:49,2024-11-19 21:12:49
1920298,239645,4069,1,117,true,1,113,2,117,2024-11-19 21:14:49,1,1,2024-11-19 21:14:49,2024-11-19 21:14:49
1920363,239645,4070,4,5,true,0,5,3,5,2024-11-19 21:21:12,0,0,2024-11-19 21:21:12,2024-11-19 21:21:12
1920424,239645,4071,4,64,true,0,64,3,64,2024-11-19 21:25:08,0,0,2024-11-19 21:25:08,2024-11-19 21:25:08
1972567,239645,10467,0,22,false,1,22,0,22,,1,1,2024-11-23 21:07:12,2024-11-23 21:07:12
1972750,239645,79,1,492,true,1,492,2,492,2024-11-23 21:17:21,1,1,2024-11-23 21:17:21,2024-11-23 21:17:21
1972874,239645,80,2,223,true,0,223,3,223,2024-11-23 21:27:19,0,0,2024-11-23 21:27:19,2024-11-23 21:27:19
1972977,239645,7899,0,6,false,0,6,0,6,,0,0,2024-11-23 21:34:08,2024-11-23 21:34:08
1973065,239645,7899,2,221,true,1,215,1,221,2024-11-23 21:39:11,1,1,2024-11-23 21:39:11,2024-11-23 21:39:11
1985747,239645,81,0,220,false,0,220,0,220,,0,0,2024-11-24 17:29:59,2024-11-24 17:29:59
2138702,239645,10465,0,297,false,1,297,0,297,,1,1,,
2184189,239645,10453,0,50,false,0,50,0,50,,0,0,,
2212896,239645,4026,1,114,true,4,65,1,65,2024-10-13 11:32:04,4,9,2024-12-11 19:03:05,2024-12-11 19:03:05
2212993,239645,4130,3,57,true,0,35,3,57,2024-12-11 19:10:35,0,0,,
2213003,239645,4132,1,9,true,0,9,3,9,2024-12-11 19:10:57,0,0,,
2213041,239645,4133,0,5,false,0,5,0,5,,0,0,,
2213066,239645,4133,3,31,true,0,26,2,31,2024-12-11 19:14:20,0,0,,
2213089,239645,4134,2,74,true,1,74,2,74,2024-12-11 19:16:13,1,1,,
2213166,239645,4138,1,54,true,0,54,3,54,2024-12-11 19:22:48,0,0,,
2294673,239645,12568,0,926,false,0,926,0,926,,0,0,,
2382300,239645,2279,1,69,true,0,69,3,69,2025-01-02 21:40:17,0,0,,
2382306,239645,2280,0,16,false,0,16,0,16,,0,0,,
327657,239645,6393,0,871,false,0,871,0,871,,0,0,2024-04-16 20:10:19,2024-04-16 20:10:19
327706,239645,7142,2,147,true,0,147,3,147,2024-04-16 20:14:09,0,0,2024-04-16 20:14:09,2024-04-16 20:14:09
327794,239645,7144,0,315,false,1,315,0,315,,1,1,2024-04-16 20:19:33,2024-04-16 20:19:33
327897,239645,7143,0,6,false,0,6,0,6,,0,0,2024-04-16 20:25:01,2024-04-16 20:25:01
327898,239645,7141,0,2,false,0,2,0,2,,0,0,2024-04-16 20:25:04,2024-04-16 20:25:04
328130,239645,7140,0,976,false,2,976,0,976,,2,2,2024-04-16 20:41:33,2024-04-16 20:41:33
328156,239645,3470,0,12,false,0,12,0,12,,0,0,2024-04-16 20:43:53,2024-04-16 20:43:53
328162,239645,3482,0,7,false,0,7,0,7,,0,0,2024-04-16 20:44:08,2024-04-16 20:44:08
328188,239645,3476,2,23,true,0,23,3,23,2024-04-16 20:46:08,0,0,2024-04-16 20:46:08,2024-04-16 20:46:08
328200,239645,3478,4,9,true,0,9,3,9,2024-04-16 20:47:10,0,0,2024-04-16 20:47:10,2024-04-16 20:47:10
328228,239645,3479,1,175,true,0,175,3,175,2024-04-16 20:50:29,0,0,2024-04-16 20:50:30,2024-04-16 20:50:30
328335,239645,3475,0,290,false,0,290,0,290,,0,0,2024-04-16 20:59:09,2024-04-16 20:59:09
328413,239645,10606,0,90,false,0,90,0,90,,0,0,2024-04-16 21:03:19,2024-04-16 21:03:19
328498,239645,6556,0,408,false,3,408,0,408,,3,3,2024-04-16 21:12:50,2024-04-16 21:12:50
358134,239645,2525,1,399,true,4,395,1,399,2024-04-20 20:21:52,4,4,2024-04-20 20:21:52,2024-04-20 20:21:52
358207,239645,7934,1,334,true,1,334,2,334,2024-04-20 20:27:37,1,1,2024-04-20 20:27:37,2024-04-20 20:27:37
358258,239645,7933,1,251,true,0,251,3,251,2024-04-20 20:32:00,0,0,2024-04-20 20:32:00,2024-04-20 20:32:00
358314,239645,7935,1,448,true,5,448,1,448,2024-04-20 20:39:52,5,5,2024-04-20 20:39:52,2024-04-20 20:39:52
358385,239645,2526,3,154,true,0,154,2,154,2024-04-20 20:49:15,0,0,2024-04-20 20:49:15,2024-04-20 20:49:15
358516,239645,2527,0,500,false,3,500,0,500,,3,3,2024-04-20 21:07:53,2024-04-20 21:07:53
376812,239645,905,1,101,true,2,101,1,101,2024-04-22 20:44:04,2,2,2024-04-22 20:44:04,2024-04-22 20:44:04
376876,239645,906,1,279,true,2,279,1,279,2024-04-22 20:48:55,2,2,2024-04-22 20:48:55,2024-04-22 20:48:55
376879,239645,907,1,12,true,1,12,2,12,2024-04-22 20:49:08,1,1,2024-04-22 20:49:08,2024-04-22 20:49:08
376887,239645,908,1,17,true,2,17,1,17,2024-04-22 20:49:31,2,2,2024-04-22 20:49:31,2024-04-22 20:49:31
376924,239645,909,1,24,true,0,24,3,24,2024-04-22 20:53:22,0,0,2024-04-22 20:53:22,2024-04-22 20:53:22
376930,239645,910,1,14,true,0,14,3,14,2024-04-22 20:53:45,0,0,2024-04-22 20:53:45,2024-04-22 20:53:45
403548,239645,2530,3,111,true,0,111,2,111,2024-04-26 18:37:56,0,0,2024-04-26 18:37:56,2024-04-26 18:37:56
403690,239645,2531,3,175,true,0,175,3,175,2024-04-26 18:45:00,0,0,2024-04-26 18:45:00,2024-04-26 18:45:00
443937,239645,5991,0,20,false,0,20,0,20,,0,0,2024-05-01 14:38:35,2024-05-01 14:38:35
477172,239645,6074,0,30,false,0,30,0,30,,0,0,2024-05-05 15:37:43,2024-05-05 15:37:43
477331,239645,6074,2,622,true,0,592,3,622,2024-05-05 15:55:40,0,0,2024-05-05 15:55:40,2024-05-05 15:55:40
477370,239645,6075,0,178,false,3,178,0,178,,3,3,2024-05-05 15:58:57,2024-05-05 15:58:57
477417,239645,6076,1,225,true,1,225,2,225,2024-05-05 16:02:46,1,1,2024-05-05 16:02:46,2024-05-05 16:02:46
477444,239645,6077,1,91,true,0,91,3,91,2024-05-05 16:04:34,0,0,2024-05-05 16:04:34,2024-05-05 16:04:34
477460,239645,6078,0,46,false,3,46,0,46,,3,3,2024-05-05 16:05:35,2024-05-05 16:05:35
477484,239645,6078,2,126,true,4,80,1,126,2024-05-05 16:07:25,1,4,2024-05-05 16:07:25,2024-05-05 16:07:25
479484,239645,6079,1,563,true,0,563,3,563,2024-05-05 18:33:35,0,0,2024-05-05 18:33:35,2024-05-05 18:33:35
479504,239645,6080,1,124,true,0,124,3,124,2024-05-05 18:35:41,0,0,2024-05-05 18:35:41,2024-05-05 18:35:41
479529,239645,6081,1,203,true,0,203,3,203,2024-05-05 18:39:08,0,0,2024-05-05 18:39:08,2024-05-05 18:39:08
479556,239645,6082,1,84,true,0,84,3,84,2024-05-05 18:41:13,0,0,2024-05-05 18:41:13,2024-05-05 18:41:13
817586,239645,6241,0,363,false,3,363,0,363,,3,3,2024-07-04 09:33:15,2024-07-04 09:33:15
817651,239645,6515,2,21,true,0,21,3,21,2024-07-04 09:47:24,0,0,2024-07-04 09:47:24,2024-07-04 09:47:24
817666,239645,6514,1,321,true,2,321,1,321,2024-07-04 09:52:56,2,2,2024-07-04 09:52:56,2024-07-04 09:52:56
817677,239645,6516,2,135,true,0,135,2,135,2024-07-04 09:56:39,0,0,2024-07-04 09:56:39,2024-07-04 09:56:39
817692,239645,6517,4,24,true,0,24,3,24,2024-07-04 09:58:47,0,0,2024-07-04 09:58:47,2024-07-04 09:58:47
817713,239645,6518,3,30,true,0,30,3,30,2024-07-04 10:01:28,0,0,2024-07-04 10:01:28,2024-07-04 10:01:28
817785,239645,6519,0,391,false,3,391,0,391,,3,3,2024-07-04 10:08:29,2024-07-04 10:08:29
817791,239645,6520,1,24,true,0,24,3,24,2024-07-04 10:09:16,0,0,2024-07-04 10:09:16,2024-07-04 10:09:16
817814,239645,6522,1,160,true,1,160,2,160,2024-07-04 10:12:05,1,1,2024-07-04 10:12:05,2024-07-04 10:12:05
817831,239645,6521,0,19,false,0,19,0,19,,0,0,2024-07-04 10:14:40,2024-07-04 10:14:40
817852,239645,6523,1,117,true,0,117,3,117,2024-07-04 10:16:49,0,0,2024-07-04 10:16:49,2024-07-04 10:16:49
817958,239645,6524,3,10,true,0,10,3,10,2024-07-04 10:31:41,0,0,2024-07-04 10:31:41,2024-07-04 10:31:41
817991,239645,6525,3,14,true,0,14,3,14,2024-07-04 10:35:22,0,0,2024-07-04 10:35:22,2024-07-04 10:35:22
817996,239645,6526,1,21,true,0,21,3,21,2024-07-04 10:35:59,0,0,2024-07-04 10:35:59,2024-07-04 10:35:59
818009,239645,6527,2,31,true,0,31,3,31,2024-07-04 10:37:57,0,0,2024-07-04 10:37:57,2024-07-04 10:37:57
818247,239645,6519,1,1264,true,6,47,1,1264,2024-07-04 11:06:35,0,6,2024-07-04 11:06:35,2024-07-04 11:06:35
818267,239645,6521,5,32,true,0,13,3,32,2024-07-04 11:10:10,0,0,2024-07-04 11:10:10,2024-07-04 11:10:10
818272,239645,6528,1,9,true,0,9,3,9,2024-07-04 11:11:22,0,0,2024-07-04 11:11:22,2024-07-04 11:11:22
1029252,239645,8558,0,1982,false,0,1982,0,1982,,0,0,2024-08-14 16:57:46,2024-08-14 16:57:46
1029376,239645,8558,1,2390,true,0,408,3,2390,2024-08-14 17:19:22,0,0,2024-08-14 17:19:22,2024-08-14 17:19:22
1029433,239645,8559,0,40,false,0,40,0,40,,0,0,2024-08-14 17:41:59,2024-08-14 17:41:59
1029614,239645,8559,7,69,true,0,29,1,69,2024-08-14 18:20:39,0,0,2024-08-14 18:20:39,2024-08-14 18:20:39
1029621,239645,8560,0,37,false,3,37,0,37,,3,3,2024-08-14 18:26:40,2024-08-14 18:26:40
1029630,239645,8561,0,57,false,3,57,0,57,,3,3,2024-08-14 18:30:22,2024-08-14 18:30:22
1181441,239645,3073,1,23,true,0,23,3,23,2024-09-14 16:12:13,0,0,2024-09-14 16:12:13,2024-09-14 16:12:13
1181493,239645,9129,0,40,false,0,40,0,40,,0,0,2024-09-14 16:21:10,2024-09-14 16:21:10
1181539,239645,9115,0,60,false,0,60,0,60,,0,0,2024-09-14 16:32:33,2024-09-14 16:32:33
1181547,239645,9112,3,12,true,0,12,2,12,2024-09-14 16:34:31,0,0,2024-09-14 16:34:31,2024-09-14 16:34:31
1181552,239645,9113,2,9,true,0,9,3,9,2024-09-14 16:35:13,0,0,2024-09-14 16:35:13,2024-09-14 16:35:13
1181562,239645,9114,2,35,true,0,35,3,35,2024-09-14 16:36:22,0,0,2024-09-14 16:36:22,2024-09-14 16:36:22
1181571,239645,9115,2,71,true,0,11,3,71,2024-09-14 16:37:10,0,0,2024-09-14 16:37:10,2024-09-14 16:37:10
1181576,239645,9116,1,10,true,0,10,3,10,2024-09-14 16:37:55,0,0,2024-09-14 16:37:55,2024-09-14 16:37:55
1181577,239645,9111,0,20,false,0,20,0,20,,0,0,2024-09-14 16:37:55,2024-09-14 16:37:55
1181596,239645,9107,1,136,true,2,136,1,136,2024-09-14 16:41:45,2,2,2024-09-14 16:41:45,2024-09-14 16:41:45
1181598,239645,9108,1,9,true,0,9,3,9,2024-09-14 16:42:01,0,0,2024-09-14 16:42:01,2024-09-14 16:42:01
1181599,239645,9109,0,7,false,0,7,0,7,,0,0,2024-09-14 16:42:05,2024-09-14 16:42:05
1181600,239645,9110,0,6,false,0,6,0,6,,0,0,2024-09-14 16:42:11,2024-09-14 16:42:11
1181605,239645,9109,2,14,true,0,7,3,14,2024-09-14 16:43:09,0,0,2024-09-14 16:43:09,2024-09-14 16:43:09
1181606,239645,9110,1,15,true,0,9,3,15,2024-09-14 16:43:36,0,0,2024-09-14 16:43:36,2024-09-14 16:43:36
1181618,239645,9118,3,43,true,0,43,2,43,2024-09-14 16:46:20,0,0,2024-09-14 16:46:20,2024-09-14 16:46:20
1181622,239645,9119,1,10,true,0,10,3,10,2024-09-14 16:46:46,0,0,2024-09-14 16:46:46,2024-09-14 16:46:46
1181626,239645,9120,2,7,true,0,7,2,7,2024-09-14 16:47:50,0,0,2024-09-14 16:47:50,2024-09-14 16:47:50
1181632,239645,9121,1,46,true,0,46,3,46,2024-09-14 16:49:01,0,0,2024-09-14 16:49:01,2024-09-14 16:49:01
1181639,239645,9129,3,87,true,1,17,2,87,2024-09-14 16:52:19,1,1,2024-09-14 16:52:19,2024-09-14 16:52:19
1181644,239645,9130,2,7,true,0,7,2,7,2024-09-14 16:53:47,0,0,2024-09-14 16:53:47,2024-09-14 16:53:47
1181656,239645,9131,2,113,true,0,113,2,113,2024-09-14 16:56:39,0,0,2024-09-14 16:56:39,2024-09-14 16:56:39
1181657,239645,9132,0,10,false,1,10,0,10,,1,1,2024-09-14 16:56:54,2024-09-14 16:56:54
1181727,239645,9132,2,27,true,1,7,2,27,2024-09-14 17:07:11,0,1,2024-09-14 17:07:11,2024-09-14 17:07:11
1181743,239645,9133,1,13,true,0,13,3,13,2024-09-14 17:11:09,0,0,2024-09-14 17:11:09,2024-09-14 17:11:09
1181753,239645,11083,0,40,false,0,40,0,40,,0,0,2024-09-14 17:14:08,2024-09-14 17:14:08
1359328,239645,11209,0,911,false,0,911,0,911,,0,0,2024-10-11 18:29:43,2024-10-11 18:29:43
1359409,239645,14,1,76,true,1,76,2,76,2024-10-11 18:34:07,1,1,2024-10-11 18:34:07,2024-10-11 18:34:07
1359534,239645,33,0,336,false,5,336,0,336,,5,5,2024-10-11 18:40:20,2024-10-11 18:40:20
1359539,239645,26,0,23,false,0,23,0,23,,0,0,2024-10-11 18:40:43,2024-10-11 18:40:43
1359551,239645,33,1,356,true,5,20,1,356,2024-10-11 18:41:19,0,5,2024-10-11 18:41:19,2024-10-11 18:41:19
1359588,239645,26,2,49,true,0,12,3,49,2024-10-11 18:42:59,0,0,2024-10-11 18:42:59,2024-10-11 18:42:59
1359627,239645,17,4,14,true,0,14,2,14,2024-10-11 18:44:29,0,0,2024-10-11 18:44:29,2024-10-11 18:44:29
1359654,239645,19,4,19,true,0,19,2,19,2024-10-11 18:45:52,0,0,2024-10-11 18:45:52,2024-10-11 18:45:52
1360911,239645,2884,1,469,true,0,364,3,469,2024-10-11 19:44:03,0,0,2024-10-11 19:44:03,2024-10-11 19:44:03
1360923,239645,2886,1,52,true,0,44,3,52,2024-10-11 19:44:53,0,0,2024-10-11 19:44:53,2024-10-11 19:44:53
1361019,239645,2887,0,106,false,3,106,0,106,,3,3,2024-10-11 19:46:51,2024-10-11 19:46:51
1361036,239645,2889,0,5,false,0,5,0,5,,0,0,2024-10-11 19:48:03,2024-10-11 19:48:03
1361057,239645,2887,2,197,true,6,10,1,197,2024-10-11 19:49:40,0,6,2024-10-11 19:49:40,2024-10-11 19:49:40
1361224,239645,2889,1,522,true,0,511,3,522,2024-10-11 19:58:49,0,0,2024-10-11 19:58:49,2024-10-11 19:58:49
1361256,239645,2890,1,95,true,0,95,3,95,2024-10-11 20:00:34,0,0,2024-10-11 20:00:34,2024-10-11 20:00:34
1361276,239645,2891,1,11,true,0,11,3,11,2024-10-11 20:01:37,0,0,2024-10-11 20:01:37,2024-10-11 20:01:37
1361380,239645,11209,1,944,true,0,33,3,944,2024-10-11 20:06:47,0,0,2024-10-11 20:06:47,2024-10-11 20:06:47
1369815,239645,11212,0,102,false,1,102,0,102,,1,1,2024-10-12 19:53:47,2024-10-12 19:53:47
1369880,239645,3385,4,117,true,0,47,3,117,2024-10-12 20:02:28,0,0,2024-10-12 20:02:28,2024-10-12 20:02:28
1369888,239645,3386,2,35,true,0,35,3,35,2024-10-12 20:03:42,0,0,2024-10-12 20:03:42,2024-10-12 20:03:42
1369891,239645,30,1,25,true,0,25,3,25,2024-10-12 20:04:37,0,0,2024-10-12 20:04:37,2024-10-12 20:04:37
1369905,239645,11212,1,192,true,1,90,2,192,2024-10-12 20:07:16,0,1,2024-10-12 20:07:16,2024-10-12 20:07:16
1369920,239645,11222,1,129,true,0,129,3,129,2024-10-12 20:09:37,0,0,2024-10-12 20:09:37,2024-10-12 20:09:37
1369933,239645,11223,2,49,true,0,49,3,49,2024-10-12 20:11:26,0,0,2024-10-12 20:11:26,2024-10-12 20:11:26
1369946,239645,11226,2,38,true,0,38,3,38,2024-10-12 20:13:13,0,0,2024-10-12 20:13:13,2024-10-12 20:13:13
1369984,239645,12334,5,40,true,1,40,1,40,2024-10-12 20:18:05,1,1,2024-10-12 20:18:05,2024-10-12 20:18:05
1369998,239645,12466,0,71,false,0,71,0,71,,0,0,2024-10-12 20:19:21,2024-10-12 20:19:21
1370054,239645,9123,3,25,true,1,25,2,25,2024-10-12 20:25:27,1,1,2024-10-12 20:25:27,2024-10-12 20:25:27
1370079,239645,9124,1,102,true,0,102,3,102,2024-10-12 20:27:25,0,0,2024-10-12 20:27:25,2024-10-12 20:27:25
1370088,239645,9125,1,20,true,0,20,3,20,2024-10-12 20:28:07,0,0,2024-10-12 20:28:07,2024-10-12 20:28:07
1370256,239645,9126,0,184,false,1,184,0,184,,1,1,2024-10-12 20:45:16,2024-10-12 20:45:16
1370314,239645,9135,0,186,false,3,186,0,186,,3,3,2024-10-12 20:49:49,2024-10-12 20:49:49
1370350,239645,9136,0,188,false,3,188,0,188,,3,3,2024-10-12 20:53:15,2024-10-12 20:53:15
1398914,239645,1031,6,85,true,5,49,1,85,2024-10-15 20:04:47,3,5,2024-10-15 20:04:47,2024-10-15 20:04:47
1399321,239645,3200,1,18,true,0,18,3,18,2024-10-15 20:40:22,0,0,2024-10-15 20:40:22,2024-10-15 20:40:22
1399475,239645,3210,1,32,true,0,32,3,32,2024-10-15 21:02:20,0,0,2024-10-15 21:02:20,2024-10-15 21:02:20
1399479,239645,3205,1,32,true,0,32,3,32,2024-10-15 21:03:02,0,0,2024-10-15 21:03:02,2024-10-15 21:03:02
1399490,239645,3209,1,34,true,0,34,3,34,2024-10-15 21:03:52,0,0,2024-10-15 21:03:52,2024-10-15 21:03:52
1399497,239645,3211,1,51,true,0,51,3,51,2024-10-15 21:04:54,0,0,2024-10-15 21:04:54,2024-10-15 21:04:54
1399505,239645,3212,1,52,true,0,52,3,52,2024-10-15 21:05:57,0,0,2024-10-15 21:05:57,2024-10-15 21:05:57
1399512,239645,3213,1,60,true,0,60,3,60,2024-10-15 21:07:01,0,0,2024-10-15 21:07:01,2024-10-15 21:07:01
1399516,239645,3214,1,16,true,0,16,3,16,2024-10-15 21:07:27,0,0,2024-10-15 21:07:27,2024-10-15 21:07:27
1399526,239645,3216,1,48,true,0,48,3,48,2024-10-15 21:08:25,0,0,2024-10-15 21:08:25,2024-10-15 21:08:25
1399533,239645,3217,1,12,true,0,12,3,12,2024-10-15 21:09:06,0,0,2024-10-15 21:09:06,2024-10-15 21:09:06
1399537,239645,3202,1,517,true,3,57,1,517,2024-10-15 21:10:38,0,3,2024-10-15 21:10:38,2024-10-15 21:10:38
1361424,239645,11211,3,75,true,0,75,2,75,2024-10-11 20:09:10,0,0,2024-10-11 20:09:10,2024-10-11 20:09:10
1374290,239645,4026,0,33,false,4,33,0,33,,4,4,2024-10-13 11:31:23,2024-10-13 11:31:23
1374297,239645,4027,0,8,false,0,8,0,8,,0,0,2024-10-13 11:31:31,2024-10-13 11:31:31
1374302,239645,4026,1,49,true,5,16,1,49,2024-10-13 11:32:04,1,5,2024-10-13 11:32:04,2024-10-13 11:32:04
1374350,239645,4028,0,27,false,1,27,0,27,,1,1,2024-10-13 11:34:13,2024-10-13 11:34:13
1399405,239645,3201,1,695,true,0,695,3,695,2024-10-15 20:52:17,0,0,2024-10-15 20:52:17,2024-10-15 20:52:17
1399458,239645,3202,0,460,false,3,460,0,460,,3,3,2024-10-15 21:00:11,2024-10-15 21:00:11
1399468,239645,3204,3,18,true,0,18,3,18,2024-10-15 21:01:34,0,0,2024-10-15 21:01:34,2024-10-15 21:01:34
1398765,239645,52,0,2,false,0,2,0,2,,0,0,2024-10-15 19:54:19,2024-10-15 19:54:19
1398769,239645,49,0,15,false,0,15,0,15,,0,0,2024-10-15 19:54:34,2024-10-15 19:54:34
1398771,239645,45,0,7,false,0,7,0,7,,0,0,2024-10-15 19:54:41,2024-10-15 19:54:41
1398775,239645,3149,0,6,false,0,6,0,6,,0,0,2024-10-15 19:54:47,2024-10-15 19:54:47
