id,question_group_id,chapter_type_id,score,global_time,local_time,attempt_time,global_mistakes,local_mistakes,attempt_mistakes,is_done,stars,subject_id,subject_name,chapter_id,chapter_name,best_time_on_seconds,avg_time_on_seconds,worst_time_on_seconds,difficulty_level,validated_at,created_at,updated_at,last_attempt_at
3812586,2520,4,1,27,0,27,0,0,0,True,3,3,إيِقَاظ عِلْمِيّ,252,الماء في الطّبيعة,9,20,40,medium,2024-05-06T19:05:33.000000Z,2024-05-06 20:05:33,2024-08-05 23:08:12,2024-05-06 20:05:33
3835693,8848,7,3,13,0,13,0,0,0,True,2,10,Français,612,Vocabulaire,7,19,45,medium,2024-05-11T11:29:14.000000Z,2024-05-11 12:05:14,2024-08-05 23:08:07,2024-05-11 12:05:14
3702290,3478,2,4,9,0,9,0,0,0,True,3,11,عَرَبِيَّة,325,الرّسم الغريب,5,12,34,easy,2024-04-16T19:47:10.000000Z,2024-04-16 20:04:10,2024-08-05 22:08:11,2024-04-16 20:04:10
3706549,966,1,1,155,0,155,1,0,1,True,2,4,رِيَاضِيَّات,69,ألعاب تحدي درجة 1,14,31,53,medium,2024-04-17T19:10:02.000000Z,2024-04-17 20:04:02,2024-08-05 22:08:08,2024-04-17 20:04:02
3721941,7933,4,1,251,0,251,0,0,0,True,3,4,رِيَاضِيَّات,254,ضرب عدد عشري في عدد صحيح,29,113,242,medium,2024-04-20T19:32:00.000000Z,2024-04-20 20:04:00,2024-08-05 22:08:10,2024-04-20 20:04:00
3721977,7935,4,1,448,0,448,5,0,5,True,1,4,رِيَاضِيَّات,254,ضرب عدد عشري في عدد صحيح,31,71,133,easy,2024-04-20T19:39:52.000000Z,2024-04-20 20:04:52,2024-08-05 22:08:10,2024-04-20 20:04:52
3722147,2527,4,0,670,670,170,3,3,0,False,0,4,رِيَاضِيَّات,254,ضرب عدد عشري في عدد صحيح,80,236,412,medium,,2024-04-20 21:04:53,2024-08-05 22:08:10,2024-04-22 20:04:50
3715716,880,1,1,42,0,11,3,0,0,True,3,4,رِيَاضِيَّات,71,ألعاب تحدي درجة 3,12,29,55,medium,2024-04-22T19:10:54.000000Z,2024-04-19 19:04:17,2024-08-05 22:08:07,2024-04-22 20:04:54
3776869,5945,4,3,15,0,15,0,0,0,True,2,11,عَرَبِيَّة,480,مدينة سوسة,11,24,53,medium,2024-04-30T16:59:44.000000Z,2024-04-30 17:04:44,2024-08-05 23:08:09,2024-04-30 17:04:44
3777188,5950,4,0,167,167,135,3,3,3,False,0,11,عَرَبِيَّة,480,مدينة سوسة,30,94,179,hard,,2024-04-30 18:04:50,2024-08-05 23:08:10,2024-04-30 18:04:42
3808109,6085,4,1,124,0,124,0,0,0,True,3,11,عَرَبِيَّة,481,جامع عقبة بالقيروان,4,33,139,easy,2024-05-05T18:07:17.000000Z,2024-05-05 19:05:17,2024-08-05 23:08:11,2024-05-05 19:05:17
3808111,6086,4,3,23,0,18,0,0,0,True,2,11,عَرَبِيَّة,481,جامع عقبة بالقيروان,6,28,83,medium,2024-05-05T18:08:37.000000Z,2024-05-05 19:05:22,2024-08-05 23:08:11,2024-05-05 19:05:37
3812021,7158,4,0,165,165,165,3,3,3,False,0,10,Français,544,Texte N°2:La cabane,64,196,532,hard,,2024-05-06 19:05:38,2024-08-05 23:08:10,2024-05-06 19:05:38
3812274,7162,4,1,167,0,167,0,0,0,True,3,10,Français,544,Texte N°2:La cabane,28,50,102,easy,2024-05-06T18:38:59.000000Z,2024-05-06 19:05:59,2024-08-05 23:08:11,2024-05-06 19:05:59
3812769,6218,4,1,20,0,20,0,0,0,True,3,10,Français,493,Texte N°1:Projet de vacances,6,39,165,easy,2024-05-06T19:28:41.000000Z,2024-05-06 20:05:41,2024-08-05 23:08:12,2024-05-06 20:05:41
3835587,8845,7,3,13,0,13,0,0,0,True,2,10,Français,612,Vocabulaire,4,12,29,medium,2024-05-11T11:14:18.000000Z,2024-05-11 12:05:18,2024-08-05 23:08:07,2024-05-11 12:05:18
3835621,8846,7,3,10,0,10,0,0,0,True,2,10,Français,612,Vocabulaire,8,24,58,medium,2024-05-11T11:20:45.000000Z,2024-05-11 12:05:45,2024-08-05 23:08:07,2024-05-11 12:05:45
3836183,8851,7,1,125,0,125,2,0,2,True,1,10,Français,612,Vocabulaire,25,53,101,medium,2024-05-11T12:28:54.000000Z,2024-05-11 13:05:54,2024-08-05 23:08:08,2024-05-11 13:05:54
3836191,8852,7,1,87,0,87,0,0,0,True,3,10,Français,612,Vocabulaire,25,55,105,medium,2024-05-11T12:30:35.000000Z,2024-05-11 13:05:35,2024-08-05 23:08:08,2024-05-11 13:05:35
3880327,10904,4,0,80,80,10,0,0,0,False,0,3,إيِقَاظ عِلْمِيّ,983,إمتحان الثّلاثي الثّالث في الإيقاظ العلمي (درجة 1 ),19,94,286,medium,,2024-05-18 18:05:34,2024-08-05 23:08:06,2024-05-18 18:05:16
4025788,6522,4,1,160,0,160,1,0,1,True,2,11,عَرَبِيَّة,509,عنز قيسون,34,99,249,medium,2024-07-04T09:12:05.000000Z,2024-07-04 10:07:05,2024-08-05 23:08:07,2024-07-04 10:07:05
4177749,8557,6,0,242,242,50,3,3,0,False,0,13,مراجعة صيفيّة,606,مراجعة في مادّة الرياضيّات,57,154,303,hard,,2024-08-13 17:08:27,2024-08-14 17:08:07,2024-08-13 17:08:27
4254056,11713,10,0,100,100,30,0,0,0,False,0,18,حكايات كلاس كويز,1227,الحكايةُ الأولى:  حكايةُ الكرسيِّ المتحرّك,224,391,536,medium,,2024-09-05 07:09:36,2024-10-13 11:10:02,2024-10-13 11:10:02
4254055,11712,10,0,270,270,50,0,0,0,False,0,18,حكايات كلاس كويز,1226,مقدمة حكايات كلاس كويز,54,125,223,medium,,2024-09-05 07:09:54,2024-10-13 11:10:44,2024-10-13 11:10:44
3700759,2538,4,0,101,101,101,0,0,0,False,0,4,رِيَاضِيَّات,256,الجمع و الطرح و الضرب في مجموع الأعداد العشرية,30,79,148,medium,,2024-04-16 19:04:03,2024-08-05 22:08:08,2024-04-16 19:04:03
3705991,6941,4,0,20,20,20,0,0,0,False,0,11,عَرَبِيَّة,537,وأخيرًا اقْتنعت أمّي,23,38,64,medium,,2024-04-17 19:04:56,2024-08-05 22:08:07,2024-04-17 19:04:56
3706080,4545,3,3,11,0,11,1,0,1,True,2,10,Français,390,Un véritable ami,6,17,44,medium,2024-04-17T18:34:55.000000Z,2024-04-17 19:04:55,2024-08-05 22:08:07,2024-04-17 19:04:55
3706476,963,1,0,47,47,47,3,3,3,False,0,4,رِيَاضِيَّات,69,ألعاب تحدي درجة 1,16,35,62,medium,,2024-04-17 20:04:14,2024-08-05 22:08:08,2024-04-17 20:04:14
3706807,836,1,1,75,0,75,0,0,0,True,3,4,رِيَاضِيَّات,70,ألعاب تحدي درجة 2,11,25,47,medium,2024-04-17T19:31:06.000000Z,2024-04-17 20:04:06,2024-08-05 22:08:09,2024-04-17 20:04:07
3783041,6072,4,3,19,0,19,0,0,0,True,2,11,عَرَبِيَّة,481,جامع عقبة بالقيروان,19,41,82,medium,2024-05-01T14:12:38.000000Z,2024-05-01 15:05:38,2024-08-05 23:08:12,2024-05-01 15:05:38
3807791,6081,4,1,203,0,203,0,0,0,True,3,11,عَرَبِيَّة,481,جامع عقبة بالقيروان,111,185,307,easy,2024-05-05T17:39:08.000000Z,2024-05-05 18:05:08,2024-08-05 23:08:10,2024-05-05 18:05:08
3836120,8850,7,1,87,0,87,0,0,0,True,3,10,Français,612,Vocabulaire,28,48,80,easy,2024-05-11T12:22:04.000000Z,2024-05-11 13:05:04,2024-08-05 23:08:08,2024-05-11 13:05:04
4017475,6237,4,2,197,0,197,0,0,0,True,3,10,Français,493,Texte N°1:Projet de vacances,52,128,258,medium,2024-07-01T20:57:46.000000Z,2024-07-01 21:07:46,2024-08-05 23:08:11,2024-07-01 21:07:46
4017521,6239,4,2,128,0,128,0,0,0,True,2,10,Français,493,Texte N°1:Projet de vacances,36,95,203,hard,2024-07-01T21:21:05.000000Z,2024-07-01 22:07:05,2024-08-05 23:08:11,2024-07-01 22:07:05
3735357,887,1,1,52,0,52,1,0,1,True,2,4,رِيَاضِيَّات,71,ألعاب تحدي درجة 3,15,41,84,medium,2024-04-22T19:24:07.000000Z,2024-04-22 20:04:07,2024-08-05 23:08:07,2024-04-22 20:04:07
3735496,893,1,1,50,0,50,2,0,2,True,1,4,رِيَاضِيَّات,71,ألعاب تحدي درجة 3,13,32,57,hard,2024-04-22T19:34:57.000000Z,2024-04-22 20:04:57,2024-08-05 23:08:07,2024-04-22 20:04:58
3735580,904,1,1,17,0,17,2,0,2,True,1,4,رِيَاضِيَّات,71,ألعاب تحدي درجة 3,7,19,40,medium,2024-04-22T19:42:12.000000Z,2024-04-22 20:04:12,2024-08-05 23:08:07,2024-04-22 20:04:13
3735664,908,1,1,17,0,17,2,0,2,True,1,4,رِيَاضِيَّات,71,ألعاب تحدي درجة 3,8,20,44,medium,2024-04-22T19:49:31.000000Z,2024-04-22 20:04:31,2024-08-05 23:08:07,2024-04-22 20:04:31
3735695,910,1,1,14,0,14,0,0,0,True,3,4,رِيَاضِيَّات,71,ألعاب تحدي درجة 3,8,18,34,hard,2024-04-22T19:53:45.000000Z,2024-04-22 20:04:45,2024-08-05 23:08:07,2024-04-22 20:04:45
3740810,2509,4,1,251,0,124,0,0,0,True,3,3,إيِقَاظ عِلْمِيّ,252,الماء في الطّبيعة,22,70,135,easy,2024-05-06T18:56:03.000000Z,2024-04-23 20:04:07,2024-08-05 23:08:07,2024-05-06 19:05:03
3768779,7033,4,0,1,1,1,0,0,0,False,0,4,رِيَاضِيَّات,255,ضرب عدد عشري في عدد عشري,68,495,1346,medium,,2024-04-28 19:04:08,2024-08-05 23:08:03,2024-04-28 19:04:08
3777100,5948,4,1,62,0,62,0,0,0,True,3,11,عَرَبِيَّة,480,مدينة سوسة,27,47,80,easy,2024-04-30T17:14:37.000000Z,2024-04-30 18:04:37,2024-08-05 23:08:10,2024-04-30 18:04:37
3807807,6082,4,1,84,0,84,0,0,0,True,3,11,عَرَبِيَّة,481,جامع عقبة بالقيروان,24,42,77,easy,2024-05-05T17:41:13.000000Z,2024-05-05 18:05:13,2024-08-05 23:08:10,2024-05-05 18:05:13
3812511,2515,4,2,17,0,17,0,0,0,True,3,3,إيِقَاظ عِلْمِيّ,252,الماء في الطّبيعة,8,15,27,easy,2024-05-06T19:00:15.000000Z,2024-05-06 20:05:15,2024-08-05 23:08:11,2024-05-06 20:05:15
3812526,2516,4,2,29,0,23,0,0,0,True,1,3,إيِقَاظ عِلْمِيّ,252,الماء في الطّبيعة,18,51,95,hard,2024-05-06T19:02:07.000000Z,2024-05-06 20:05:23,2024-08-05 23:08:11,2024-05-06 20:05:07
3812579,2518,4,2,14,0,14,0,0,0,True,3,3,إيِقَاظ عِلْمِيّ,252,الماء في الطّبيعة,9,17,33,medium,2024-05-06T19:04:38.000000Z,2024-05-06 20:05:38,2024-08-05 23:08:11,2024-05-06 20:05:39
3812614,7313,4,1,26,0,26,0,0,0,True,3,3,إيِقَاظ عِلْمِيّ,252,الماء في الطّبيعة,20,38,71,medium,2024-05-06T19:08:30.000000Z,2024-05-06 20:05:30,2024-08-05 23:08:12,2024-05-06 20:05:30
3812748,6213,4,1,554,0,554,0,0,0,True,3,10,Français,493,Texte N°1:Projet de vacances,33,110,256,medium,2024-05-06T19:24:21.000000Z,2024-05-06 20:05:21,2024-08-05 23:08:12,2024-05-06 20:05:21
3812792,6219,4,3,6,0,6,0,0,0,True,2,10,Français,493,Texte N°1:Projet de vacances,4,9,20,medium,2024-05-06T19:32:16.000000Z,2024-05-06 20:05:16,2024-08-05 23:08:12,2024-05-06 20:05:16
3836099,8849,7,3,9,0,9,0,0,0,True,2,10,Français,612,Vocabulaire,6,14,35,medium,2024-05-11T12:18:41.000000Z,2024-05-11 13:05:41,2024-08-05 23:08:08,2024-05-11 13:05:41
3700984,2585,4,1,809,0,232,1,0,0,True,2,4,رِيَاضِيَّات,265,التصرف في وحدات قيس الزمن,77,184,361,medium,2024-04-19T19:31:59.000000Z,2024-04-16 19:04:21,2024-08-05 22:08:09,2024-04-19 20:04:59
3705680,7284,4,0,144,144,144,3,3,3,False,0,10,Français,545,Texte N°1:Il ne faut jamais mentir à un ordinateur,61,188,521,hard,,2024-04-17 19:04:18,2024-08-05 22:08:07,2024-04-17 19:04:18
3705764,1739,3,0,233,233,233,1,1,1,False,0,4,رِيَاضِيَّات,141,الأعداد العشرية أكتبها و أقرؤها,98,197,382,medium,,2024-04-17 19:04:20,2024-08-05 22:08:07,2024-04-17 19:04:20
3698849,2522,4,2,275,0,53,4,0,1,True,1,4,رِيَاضِيَّات,254,ضرب عدد عشري في عدد صحيح,23,67,142,medium,2024-04-19T18:46:26.000000Z,2024-04-16 13:04:28,2024-08-05 22:08:04,2024-04-19 19:04:26
3705859,7030,4,2,159,0,18,2,0,0,True,1,4,رِيَاضِيَّات,254,ضرب عدد عشري في عدد صحيح,13,32,72,medium,2024-04-19T18:52:14.000000Z,2024-04-17 19:04:28,2024-08-05 22:08:07,2024-04-19 19:04:14
3706084,4546,3,0,7,7,7,0,0,0,False,0,10,Français,390,Un véritable ami,13,97,326,easy,,2024-04-17 19:04:08,2024-08-05 22:08:07,2024-04-17 19:04:08
3706411,956,1,1,25,0,25,0,0,0,True,3,4,رِيَاضِيَّات,69,ألعاب تحدي درجة 1,19,32,50,easy,2024-04-17T18:59:39.000000Z,2024-04-17 19:04:39,2024-08-05 22:08:08,2024-04-17 19:04:39
3706467,962,1,1,37,0,37,2,0,2,True,1,4,رِيَاضِيَّات,69,ألعاب تحدي درجة 1,14,33,56,medium,2024-04-17T19:04:14.000000Z,2024-04-17 20:04:14,2024-08-05 22:08:08,2024-04-17 20:04:14
3706445,960,1,1,41,0,41,1,0,1,True,2,4,رِيَاضِيَّات,69,ألعاب تحدي درجة 1,15,33,59,medium,2024-04-17T19:02:15.000000Z,2024-04-17 20:04:15,2024-08-05 22:08:08,2024-04-17 20:04:15
3706823,838,1,1,34,0,34,2,0,2,True,1,4,رِيَاضِيَّات,70,ألعاب تحدي درجة 2,13,36,69,medium,2024-04-17T19:32:37.000000Z,2024-04-17 20:04:37,2024-08-05 22:08:09,2024-04-17 20:04:37
3706816,837,1,1,45,0,45,0,0,0,True,3,4,رِيَاضِيَّات,70,ألعاب تحدي درجة 2,12,21,34,medium,2024-04-17T19:31:57.000000Z,2024-04-17 20:04:57,2024-08-05 22:08:09,2024-04-17 20:04:57
3706843,839,1,1,71,0,71,3,0,3,True,1,4,رِيَاضِيَّات,70,ألعاب تحدي درجة 2,16,36,60,medium,2024-04-17T19:34:01.000000Z,2024-04-17 20:04:01,2024-08-05 22:08:09,2024-04-17 20:04:01
3706985,841,1,1,67,0,67,2,0,2,True,1,4,رِيَاضِيَّات,70,ألعاب تحدي درجة 2,14,34,58,medium,2024-04-17T19:51:19.000000Z,2024-04-17 20:04:19,2024-08-05 22:08:09,2024-04-17 20:04:19
3722041,2526,4,3,154,0,154,0,0,0,True,2,4,رِيَاضِيَّات,254,ضرب عدد عشري في عدد صحيح,72,188,393,medium,2024-04-20T19:49:15.000000Z,2024-04-20 20:04:15,2024-08-05 22:08:10,2024-04-20 20:04:15
4017434,6222,4,1,399,0,399,0,0,0,True,3,10,Français,493,Texte N°1:Projet de vacances,65,174,342,medium,2024-07-01T20:25:24.000000Z,2024-07-01 21:07:24,2024-08-05 23:08:11,2024-07-01 21:07:24
4017471,6235,4,1,892,0,892,2,0,2,True,1,10,Français,493,Texte N°1:Projet de vacances,52,166,353,medium,2024-07-01T20:51:17.000000Z,2024-07-01 21:07:17,2024-08-05 23:08:11,2024-07-01 21:07:17
4017452,6234,4,0,570,570,570,3,3,3,False,0,10,Français,493,Texte N°1:Projet de vacances,66,128,235,easy,,2024-07-01 21:07:06,2024-08-05 23:08:11,2024-07-01 21:07:06
4017488,6240,4,1,500,0,500,2,0,2,True,1,10,Français,493,Texte N°1:Projet de vacances,55,103,189,medium,2024-07-01T21:06:22.000000Z,2024-07-01 22:07:22,2024-08-05 23:08:11,2024-07-01 22:07:22
4025953,6527,4,2,31,0,31,0,0,0,True,3,11,عَرَبِيَّة,509,عنز قيسون,5,13,36,easy,2024-07-04T09:37:57.000000Z,2024-07-04 10:07:57,2024-08-05 23:08:07,2024-07-04 10:07:58
3698841,3651,2,0,72,72,17,0,0,0,False,0,11,عَرَبِيَّة,282,إن ذلك لم يرو عطشي,9,57,166,medium,,2024-04-16 13:04:46,2024-08-05 22:08:04,2024-04-16 13:04:09
3698832,2851,2,0,120,120,6,0,0,0,False,0,11,عَرَبِيَّة,282,إن ذلك لم يرو عطشي,10,16,28,easy,,2024-04-16 13:04:08,2024-08-05 22:08:04,2024-04-16 13:04:52
3700299,10464,2,0,156,156,70,0,0,0,False,0,15,English,763,5th grade end of term exam N°1 (DEGREE 1),19,41,81,medium,,2024-04-16 18:04:43,2024-08-05 22:08:07,2024-04-16 18:04:50
3700359,2447,4,2,20,0,20,0,0,0,True,3,3,إيِقَاظ عِلْمِيّ,237,السّلسلة الغذائيّة : نبات أخضر – مستهلك ( 1 ) مستهلك ( 2 ),11,29,62,medium,2024-04-16T17:30:56.000000Z,2024-04-16 18:04:56,2024-08-05 22:08:07,2024-04-16 18:04:56
3700402,2448,4,3,264,0,18,4,0,0,True,2,3,إيِقَاظ عِلْمِيّ,237,السّلسلة الغذائيّة : نبات أخضر – مستهلك ( 1 ) مستهلك ( 2 ),9,33,79,medium,2024-04-21T19:37:44.000000Z,2024-04-16 18:04:00,2024-08-05 22:08:07,2024-04-21 20:04:44
3700469,2449,4,1,716,0,28,10,0,0,True,1,3,إيِقَاظ عِلْمِيّ,237,السّلسلة الغذائيّة : نبات أخضر – مستهلك ( 1 ) مستهلك ( 2 ),22,40,72,medium,2024-04-21T19:06:48.000000Z,2024-04-16 18:04:45,2024-08-05 22:08:07,2024-04-21 20:04:48
3700629,2450,4,1,33,0,33,0,0,0,True,3,3,إيِقَاظ عِلْمِيّ,237,السّلسلة الغذائيّة : نبات أخضر – مستهلك ( 1 ) مستهلك ( 2 ),22,46,83,medium,2024-04-16T17:52:24.000000Z,2024-04-16 18:04:24,2024-08-05 22:08:08,2024-04-16 18:04:24
3700682,7301,4,1,368,0,138,1,0,0,True,3,3,إيِقَاظ عِلْمِيّ,237,السّلسلة الغذائيّة : نبات أخضر – مستهلك ( 1 ) مستهلك ( 2 ),55,115,213,medium,2024-04-21T19:32:34.000000Z,2024-04-16 18:04:29,2024-08-05 22:08:08,2024-04-21 20:04:34
3700693,2451,4,1,61,0,12,1,0,0,True,3,3,إيِقَاظ عِلْمِيّ,237,السّلسلة الغذائيّة : نبات أخضر – مستهلك ( 1 ) مستهلك ( 2 ),11,21,37,easy,2024-04-21T19:32:49.000000Z,2024-04-16 18:04:26,2024-08-05 22:08:08,2024-04-21 20:04:49
3700729,2452,4,1,296,0,115,1,0,0,True,3,3,إيِقَاظ عِلْمِيّ,237,السّلسلة الغذائيّة : نبات أخضر – مستهلك ( 1 ) مستهلك ( 2 ),36,71,123,medium,2024-04-21T19:18:46.000000Z,2024-04-16 19:04:56,2024-08-05 22:08:08,2024-04-21 20:04:46
3700816,2584,4,1,106,0,106,0,0,0,True,3,4,رِيَاضِيَّات,265,التصرف في وحدات قيس الزمن,10,18,32,easy,2024-04-16T18:07:10.000000Z,2024-04-16 19:04:10,2024-08-05 22:08:08,2024-04-16 19:04:10
3701091,6257,4,0,300,300,300,0,0,0,False,0,10,Français,494,Texte N°1:Promenade dans Paris (1),4,30,177,medium,,2024-04-16 19:04:11,2024-08-05 22:08:09,2024-04-16 19:04:11
3701227,6391,4,0,99,99,90,1,1,1,False,0,10,Français,499,Chez la couturière,11,75,182,medium,,2024-04-16 19:04:39,2024-08-05 22:08:09,2024-04-16 19:04:37
3701225,6389,4,4,45,0,45,0,0,0,True,3,10,Français,499,Chez la couturière,9,45,129,medium,2024-04-16T18:33:30.000000Z,2024-04-16 19:04:30,2024-08-05 22:08:09,2024-04-16 19:04:30
3701360,6390,4,0,235,235,235,1,1,1,False,0,10,Français,499,Chez la couturière,49,74,180,easy,,2024-04-16 19:04:41,2024-08-05 22:08:09,2024-04-16 19:04:41
3701862,6393,4,0,871,871,871,0,0,0,False,0,10,Français,499,Chez la couturière,6,17,148,easy,,2024-04-16 20:04:19,2024-08-05 22:08:10,2024-04-16 20:04:19
3701904,7142,4,2,147,0,147,0,0,0,True,3,10,Français,543,Texte N°1:Théâtre d’enfants,37,75,140,medium,2024-04-16T19:14:09.000000Z,2024-04-16 20:04:09,2024-08-05 22:08:10,2024-04-16 20:04:09
3702042,7143,4,0,12,12,6,0,0,0,False,0,10,Français,543,Texte N°1:Théâtre d’enfants,43,93,251,medium,,2024-04-16 20:04:01,2024-08-05 22:08:11,2024-04-16 20:04:04
3702043,7141,4,0,2,2,2,0,0,0,False,0,10,Français,543,Texte N°1:Théâtre d’enfants,36,66,122,medium,,2024-04-16 20:04:04,2024-08-05 22:08:11,2024-04-16 20:04:04
3701960,7144,4,0,323,323,4,1,1,0,False,0,10,Français,543,Texte N°1:Théâtre d’enfants,61,132,225,easy,,2024-04-16 20:04:33,2024-08-05 22:08:10,2024-04-16 20:04:56
3702255,3470,2,0,12,12,12,0,0,0,False,0,11,عَرَبِيَّة,325,الرّسم الغريب,15,34,62,hard,,2024-04-16 20:04:53,2024-08-05 22:08:11,2024-04-16 20:04:53
3702235,7140,4,0,976,976,976,2,2,2,False,0,10,Français,543,Texte N°1:Théâtre d’enfants,38,85,171,medium,,2024-04-16 20:04:33,2024-08-05 22:08:11,2024-04-16 20:04:33
3702261,3482,2,0,7,7,7,0,0,0,False,0,11,عَرَبِيَّة,325,الرّسم الغريب,6,19,76,easy,,2024-04-16 20:04:08,2024-08-05 22:08:11,2024-04-16 20:04:08
3702280,3476,2,2,23,0,23,0,0,0,True,3,11,عَرَبِيَّة,325,الرّسم الغريب,10,29,52,medium,2024-04-16T19:46:08.000000Z,2024-04-16 20:04:08,2024-08-05 22:08:11,2024-04-16 20:04:08
3702314,3479,2,1,175,0,175,0,0,0,True,3,11,عَرَبِيَّة,325,الرّسم الغريب,54,117,259,medium,2024-04-16T19:50:29.000000Z,2024-04-16 20:04:29,2024-08-05 22:08:11,2024-04-16 20:04:30
3702371,3475,2,0,290,290,290,0,0,0,False,0,11,عَرَبِيَّة,325,الرّسم الغريب,8,37,109,medium,,2024-04-16 20:04:09,2024-08-05 22:08:11,2024-04-16 20:04:09
3702415,10606,3,0,220,220,130,0,0,0,False,0,15,English,909,Examen Trimestriel N°2 Anglais (DEGREE 2),10,28,95,medium,,2024-04-16 21:04:19,2024-08-05 22:08:11,2024-05-11 12:05:41
3702477,6556,4,0,408,408,408,3,3,3,False,0,10,Français,512,Texte N°3:Dans le Grand Nord Canadien,48,90,246,medium,,2024-04-16 21:04:50,2024-08-05 22:08:12,2024-04-16 21:04:50
3705708,1752,3,0,80,80,50,0,0,0,False,0,4,رِيَاضِيَّات,145,الأعداد العشرية أجمعها و أطرحها,33,150,370,medium,,2024-04-17 19:04:36,2024-08-05 22:08:07,2024-04-19 20:04:03
3706139,4547,3,0,134,134,134,0,0,0,False,0,10,Français,390,Un véritable ami,9,59,193,medium,,2024-04-17 19:04:49,2024-08-05 22:08:08,2024-04-17 19:04:49
3706371,952,1,1,23,0,23,0,0,0,True,3,4,رِيَاضِيَّات,69,ألعاب تحدي درجة 1,12,22,39,easy,2024-04-17T18:56:20.000000Z,2024-04-17 19:04:20,2024-08-05 22:08:08,2024-04-17 19:04:20
3706382,953,1,1,37,0,37,0,0,0,True,3,4,رِيَاضِيَّات,69,ألعاب تحدي درجة 1,12,21,35,easy,2024-04-17T18:57:00.000000Z,2024-04-17 19:04:00,2024-08-05 22:08:08,2024-04-17 19:04:00
3706394,954,1,1,57,0,57,1,0,1,True,2,4,رِيَاضِيَّات,69,ألعاب تحدي درجة 1,19,37,60,medium,2024-04-17T18:58:04.000000Z,2024-04-17 19:04:04,2024-08-05 22:08:08,2024-04-17 19:04:04
3706405,955,1,1,64,0,64,0,0,0,True,3,4,رِيَاضِيَّات,69,ألعاب تحدي درجة 1,19,36,60,medium,2024-04-17T18:59:10.000000Z,2024-04-17 19:04:10,2024-08-05 22:08:08,2024-04-17 19:04:11
3706429,957,1,0,81,81,81,3,3,3,False,0,4,رِيَاضِيَّات,69,ألعاب تحدي درجة 1,13,32,60,hard,,2024-04-17 20:04:14,2024-08-05 22:08:08,2024-04-17 20:04:14
3706433,959,1,0,0,0,0,0,0,0,False,0,4,رِيَاضِيَّات,69,ألعاب تحدي درجة 1,17,29,47,medium,,2024-04-17 20:04:28,2024-08-05 22:08:08,2024-04-17 20:04:28
3706432,958,1,1,12,0,12,0,0,0,True,3,4,رِيَاضِيَّات,69,ألعاب تحدي درجة 1,7,12,19,medium,2024-04-17T19:01:28.000000Z,2024-04-17 20:04:28,2024-08-05 22:08:08,2024-04-17 20:04:28
3706460,961,1,1,69,0,69,1,0,1,True,2,4,رِيَاضِيَّات,69,ألعاب تحدي درجة 1,16,30,49,medium,2024-04-17T19:03:33.000000Z,2024-04-17 20:04:33,2024-08-05 22:08:08,2024-04-17 20:04:33
3706501,964,1,1,54,0,54,2,0,2,True,1,4,رِيَاضِيَّات,69,ألعاب تحدي درجة 1,14,27,46,medium,2024-04-17T19:06:18.000000Z,2024-04-17 20:04:18,2024-08-05 22:08:08,2024-04-17 20:04:19
3706520,965,1,1,58,0,58,1,0,1,True,2,4,رِيَاضِيَّات,69,ألعاب تحدي درجة 1,13,27,48,medium,2024-04-17T19:07:21.000000Z,2024-04-17 20:04:21,2024-08-05 22:08:08,2024-04-17 20:04:21
3706555,967,1,1,28,0,28,0,0,0,True,3,4,رِيَاضِيَّات,69,ألعاب تحدي درجة 1,13,25,43,medium,2024-04-17T19:10:33.000000Z,2024-04-17 20:04:33,2024-08-05 22:08:08,2024-04-17 20:04:33
3706603,968,1,0,164,164,164,3,3,3,False,0,4,رِيَاضِيَّات,69,ألعاب تحدي درجة 1,20,50,89,medium,,2024-04-17 20:04:53,2024-08-05 22:08:09,2024-04-17 20:04:53
3706616,969,1,1,55,0,55,0,0,0,True,3,4,رِيَاضِيَّات,69,ألعاب تحدي درجة 1,12,24,41,easy,2024-04-17T19:14:50.000000Z,2024-04-17 20:04:50,2024-08-05 22:08:09,2024-04-17 20:04:51
3706621,970,1,1,35,0,35,1,0,1,True,2,4,رِيَاضِيَّات,69,ألعاب تحدي درجة 1,12,28,52,medium,2024-04-17T19:15:28.000000Z,2024-04-17 20:04:28,2024-08-05 22:08:09,2024-04-17 20:04:28
3706653,972,1,0,63,63,63,4,4,4,False,0,4,رِيَاضِيَّات,69,ألعاب تحدي درجة 1,15,27,42,easy,,2024-04-17 20:04:45,2024-08-05 22:08:09,2024-04-17 20:04:45
3706635,971,1,1,40,0,40,1,0,1,True,2,4,رِيَاضِيَّات,69,ألعاب تحدي درجة 1,13,28,46,medium,2024-04-17T19:16:13.000000Z,2024-04-17 20:04:13,2024-08-05 22:08:09,2024-04-17 20:04:14
3706701,976,1,1,53,0,53,0,0,0,True,3,4,رِيَاضِيَّات,69,ألعاب تحدي درجة 1,13,26,44,easy,2024-04-17T19:22:10.000000Z,2024-04-17 20:04:10,2024-08-05 22:08:09,2024-04-17 20:04:10
3706658,973,1,1,19,0,19,0,0,0,True,3,4,رِيَاضِيَّات,69,ألعاب تحدي درجة 1,7,12,19,easy,2024-04-17T19:18:07.000000Z,2024-04-17 20:04:07,2024-08-05 22:08:09,2024-04-17 20:04:07
3706662,974,1,1,25,0,25,0,0,0,True,3,4,رِيَاضِيَّات,69,ألعاب تحدي درجة 1,11,19,30,easy,2024-04-17T19:18:34.000000Z,2024-04-17 20:04:34,2024-08-05 22:08:09,2024-04-17 20:04:35
3706687,975,1,0,133,133,133,3,3,3,False,0,4,رِيَاضِيَّات,69,ألعاب تحدي درجة 1,21,53,101,hard,,2024-04-17 20:04:11,2024-08-05 22:08:09,2024-04-17 20:04:11
3706712,977,1,1,47,0,47,0,0,0,True,3,4,رِيَاضِيَّات,69,ألعاب تحدي درجة 1,18,33,54,medium,2024-04-17T19:23:15.000000Z,2024-04-17 20:04:15,2024-08-05 22:08:09,2024-04-17 20:04:15
3706715,978,1,0,10,10,10,0,0,0,False,0,4,رِيَاضِيَّات,69,ألعاب تحدي درجة 1,13,21,33,easy,,2024-04-17 20:04:26,2024-08-05 22:08:09,2024-04-17 20:04:26
3706749,832,1,1,75,0,75,2,0,2,True,1,4,رِيَاضِيَّات,70,ألعاب تحدي درجة 2,14,27,47,medium,2024-04-17T19:26:23.000000Z,2024-04-17 20:04:23,2024-08-05 22:08:09,2024-04-17 20:04:23
3706772,834,1,1,38,0,38,0,0,0,True,3,4,رِيَاضِيَّات,70,ألعاب تحدي درجة 2,15,28,45,medium,2024-04-17T19:28:02.000000Z,2024-04-17 20:04:02,2024-08-05 22:08:09,2024-04-17 20:04:02
3706761,833,1,1,53,0,53,0,0,0,True,3,4,رِيَاضِيَّات,70,ألعاب تحدي درجة 2,22,42,69,medium,2024-04-17T19:27:20.000000Z,2024-04-17 20:04:20,2024-08-05 22:08:09,2024-04-17 20:04:20
3706786,835,1,1,64,0,64,0,0,0,True,3,4,رِيَاضِيَّات,70,ألعاب تحدي درجة 2,12,26,44,medium,2024-04-17T19:29:10.000000Z,2024-04-17 20:04:10,2024-08-05 22:08:09,2024-04-17 20:04:10
3707014,843,1,1,26,0,26,3,0,3,True,1,4,رِيَاضِيَّات,70,ألعاب تحدي درجة 2,11,25,45,medium,2024-04-17T19:53:36.000000Z,2024-04-17 20:04:36,2024-08-05 22:08:10,2024-04-17 20:04:37
3706968,840,1,1,82,0,8,3,0,0,True,1,4,رِيَاضِيَّات,70,ألعاب تحدي درجة 2,13,35,76,hard,2024-04-19T17:40:07.000000Z,2024-04-17 20:04:54,2024-08-05 22:08:09,2024-04-19 18:04:07
3707001,842,1,0,118,118,27,9,9,3,False,0,4,رِيَاضِيَّات,70,ألعاب تحدي درجة 2,26,65,116,hard,,2024-04-17 20:04:52,2024-08-05 22:08:09,2024-04-19 19:04:57
3707059,845,1,1,159,0,159,3,0,3,True,1,4,رِيَاضِيَّات,70,ألعاب تحدي درجة 2,10,29,56,medium,2024-04-17T19:58:19.000000Z,2024-04-17 20:04:19,2024-08-05 22:08:10,2024-04-17 20:04:19
3707063,846,1,1,36,0,36,0,0,0,True,3,4,رِيَاضِيَّات,70,ألعاب تحدي درجة 2,10,27,48,medium,2024-04-17T19:59:01.000000Z,2024-04-17 20:04:01,2024-08-05 22:08:10,2024-04-17 20:04:01
3707032,844,1,1,105,0,105,2,0,2,True,1,4,رِيَاضِيَّات,70,ألعاب تحدي درجة 2,16,39,67,medium,2024-04-17T19:55:29.000000Z,2024-04-17 20:04:29,2024-08-05 22:08:10,2024-04-17 20:04:29
3707066,847,1,1,12,0,12,2,0,2,True,1,4,رِيَاضِيَّات,70,ألعاب تحدي درجة 2,11,31,59,hard,2024-04-17T19:59:21.000000Z,2024-04-17 20:04:21,2024-08-05 22:08:10,2024-04-17 20:04:21
3715380,851,1,1,58,0,50,2,0,2,True,1,4,رِيَاضِيَّات,70,ألعاب تحدي درجة 2,10,35,71,medium,2024-04-19T17:53:26.000000Z,2024-04-19 18:04:01,2024-08-05 22:08:06,2024-04-19 18:04:26
3715248,848,1,0,374,374,8,0,0,0,False,0,4,رِيَاضِيَّات,70,ألعاب تحدي درجة 2,14,38,67,medium,,2024-04-19 18:04:52,2024-08-05 22:08:06,2024-04-19 18:04:57
3715379,850,1,1,34,0,33,0,0,0,True,3,4,رِيَاضِيَّات,70,ألعاب تحدي درجة 2,9,23,40,medium,2024-04-19T17:52:29.000000Z,2024-04-19 18:04:57,2024-08-05 22:08:06,2024-04-19 18:04:29
3715378,849,1,1,35,0,33,0,0,0,True,3,4,رِيَاضِيَّات,70,ألعاب تحدي درجة 2,10,25,43,medium,2024-04-19T17:51:49.000000Z,2024-04-19 18:04:56,2024-08-05 22:08:06,2024-04-19 18:04:49
3715444,853,1,1,68,0,68,2,0,2,True,1,4,رِيَاضِيَّات,70,ألعاب تحدي درجة 2,14,30,51,medium,2024-04-19T17:55:58.000000Z,2024-04-19 18:04:58,2024-08-05 22:08:06,2024-04-19 18:04:58
3715426,852,1,1,73,0,73,0,0,0,True,3,4,رِيَاضِيَّات,70,ألعاب تحدي درجة 2,10,31,51,medium,2024-04-19T17:54:42.000000Z,2024-04-19 18:04:42,2024-08-05 22:08:06,2024-04-19 18:04:42
3715453,854,1,1,36,0,36,0,0,0,True,3,4,رِيَاضِيَّات,70,ألعاب تحدي درجة 2,12,33,57,medium,2024-04-19T17:56:40.000000Z,2024-04-19 18:04:40,2024-08-05 22:08:06,2024-04-19 18:04:41
3715492,857,1,1,39,0,39,1,0,1,True,2,4,رِيَاضِيَّات,70,ألعاب تحدي درجة 2,13,27,48,medium,2024-04-19T17:59:09.000000Z,2024-04-19 18:04:09,2024-08-05 22:08:06,2024-04-19 18:04:09
3715470,855,1,1,48,0,48,3,0,3,True,1,4,رِيَاضِيَّات,70,ألعاب تحدي درجة 2,11,21,34,medium,2024-04-19T17:57:46.000000Z,2024-04-19 18:04:46,2024-08-05 22:08:06,2024-04-19 18:04:47
3715510,858,1,1,67,0,67,3,0,3,True,1,4,رِيَاضِيَّات,70,ألعاب تحدي درجة 2,11,27,45,medium,2024-04-19T18:00:28.000000Z,2024-04-19 19:04:28,2024-08-05 22:08:07,2024-04-19 19:04:28
3715481,856,1,1,30,0,30,2,0,2,True,1,4,رِيَاضِيَّات,70,ألعاب تحدي درجة 2,10,22,45,medium,2024-04-19T17:58:26.000000Z,2024-04-19 18:04:26,2024-08-05 22:08:06,2024-04-19 18:04:26
3715524,860,1,1,41,0,41,0,0,0,True,3,4,رِيَاضِيَّات,70,ألعاب تحدي درجة 2,9,19,33,medium,2024-04-19T18:01:35.000000Z,2024-04-19 19:04:35,2024-08-05 22:08:07,2024-04-19 19:04:35
3715544,861,1,1,78,0,78,1,0,1,True,2,4,رِيَاضِيَّات,70,ألعاب تحدي درجة 2,7,29,63,medium,2024-04-19T18:02:58.000000Z,2024-04-19 19:04:58,2024-08-05 22:08:07,2024-04-19 19:04:58
3715558,863,1,1,14,0,14,0,0,0,True,3,4,رِيَاضِيَّات,70,ألعاب تحدي درجة 2,9,16,29,medium,2024-04-19T18:03:33.000000Z,2024-04-19 19:04:33,2024-08-05 22:08:07,2024-04-19 19:04:33
3715514,859,1,1,15,0,15,0,0,0,True,3,4,رِيَاضِيَّات,70,ألعاب تحدي درجة 2,7,11,17,easy,2024-04-19T18:00:46.000000Z,2024-04-19 19:04:46,2024-08-05 22:08:07,2024-04-19 19:04:46
3715547,862,1,1,12,0,12,0,0,0,True,3,4,رِيَاضِيَّات,70,ألعاب تحدي درجة 2,8,29,63,medium,2024-04-19T18:03:15.000000Z,2024-04-19 19:04:15,2024-08-05 22:08:07,2024-04-19 19:04:15
3715577,864,1,1,67,0,67,1,0,1,True,2,4,رِيَاضِيَّات,70,ألعاب تحدي درجة 2,9,41,78,medium,2024-04-19T18:04:44.000000Z,2024-04-19 19:04:44,2024-08-05 22:08:07,2024-04-19 19:04:44
3715579,865,1,1,23,0,23,0,0,0,True,3,4,رِيَاضِيَّات,70,ألعاب تحدي درجة 2,8,13,21,medium,2024-04-19T18:05:10.000000Z,2024-04-19 19:04:10,2024-08-05 22:08:07,2024-04-19 19:04:10
3715593,868,1,1,26,0,26,0,0,0,True,3,4,رِيَاضِيَّات,70,ألعاب تحدي درجة 2,8,19,34,medium,2024-04-19T18:06:03.000000Z,2024-04-19 19:04:03,2024-08-05 22:08:07,2024-04-19 19:04:03
3715589,867,1,1,9,0,9,1,0,1,True,2,4,رِيَاضِيَّات,70,ألعاب تحدي درجة 2,7,27,64,medium,2024-04-19T18:05:33.000000Z,2024-04-19 19:04:33,2024-08-05 22:08:07,2024-04-19 19:04:33
3715583,866,1,1,6,0,6,0,0,0,True,3,4,رِيَاضِيَّات,70,ألعاب تحدي درجة 2,7,23,46,medium,2024-04-19T18:05:19.000000Z,2024-04-19 19:04:19,2024-08-05 22:08:07,2024-04-19 19:04:19
3715603,869,1,1,57,0,57,3,0,3,True,1,4,رِيَاضِيَّات,70,ألعاب تحدي درجة 2,8,24,46,medium,2024-04-19T18:07:09.000000Z,2024-04-19 19:04:09,2024-08-05 22:08:07,2024-04-19 19:04:09
3715649,872,1,1,19,0,19,0,0,0,True,3,4,رِيَاضِيَّات,71,ألعاب تحدي درجة 3,13,21,33,medium,2024-04-19T18:11:19.000000Z,2024-04-19 19:04:19,2024-08-05 22:08:07,2024-04-19 19:04:19
3715614,870,1,1,28,0,28,1,0,1,True,2,4,رِيَاضِيَّات,70,ألعاب تحدي درجة 2,9,18,32,medium,2024-04-19T18:08:03.000000Z,2024-04-19 19:04:03,2024-08-05 22:08:07,2024-04-19 19:04:03
3715638,871,1,1,22,0,22,0,0,0,True,3,4,رِيَاضِيَّات,70,ألعاب تحدي درجة 2,7,28,59,medium,2024-04-19T18:09:57.000000Z,2024-04-19 19:04:57,2024-08-05 22:08:07,2024-04-19 19:04:57
3715679,875,1,1,66,0,11,3,0,0,True,1,4,رِيَاضِيَّات,71,ألعاب تحدي درجة 3,13,25,41,medium,2024-04-22T19:07:46.000000Z,2024-04-19 19:04:57,2024-08-05 22:08:07,2024-04-22 20:04:46
3715667,874,1,1,27,0,27,1,0,1,True,2,4,رِيَاضِيَّات,71,ألعاب تحدي درجة 3,15,30,49,medium,2024-04-19T18:12:50.000000Z,2024-04-19 19:04:50,2024-08-05 22:08:07,2024-04-19 19:04:51
3715658,873,1,1,48,0,48,2,0,2,True,1,4,رِيَاضِيَّات,71,ألعاب تحدي درجة 3,19,40,71,medium,2024-04-19T18:12:16.000000Z,2024-04-19 19:04:16,2024-08-05 22:08:07,2024-04-19 19:04:16
3715695,877,1,1,49,0,20,1,0,0,True,3,4,رِيَاضِيَّات,71,ألعاب تحدي درجة 3,16,29,45,medium,2024-04-22T19:09:13.000000Z,2024-04-19 19:04:58,2024-08-05 22:08:07,2024-04-22 20:04:13
3715704,879,1,1,11,0,11,0,0,0,True,3,4,رِيَاضِيَّات,71,ألعاب تحدي درجة 3,10,19,32,easy,2024-04-19T18:15:31.000000Z,2024-04-19 19:04:31,2024-08-05 22:08:07,2024-04-19 19:04:31
3715686,876,1,1,76,0,56,1,0,0,True,3,4,رِيَاضِيَّات,71,ألعاب تحدي درجة 3,14,35,62,medium,2024-04-22T19:08:57.000000Z,2024-04-19 19:04:24,2024-08-05 22:08:07,2024-04-22 20:04:57
3715701,878,1,1,17,0,17,0,0,0,True,3,4,رِيَاضِيَّات,71,ألعاب تحدي درجة 3,15,41,80,medium,2024-04-19T18:15:18.000000Z,2024-04-19 19:04:18,2024-08-05 22:08:07,2024-04-19 19:04:18
3715747,881,1,1,93,0,15,4,0,1,True,2,4,رِيَاضِيَّات,71,ألعاب تحدي درجة 3,14,31,51,medium,2024-04-22T19:11:14.000000Z,2024-04-19 19:04:46,2024-08-05 22:08:07,2024-04-22 20:04:14
3715754,882,1,1,11,0,11,1,0,1,True,2,4,رِيَاضِيَّات,71,ألعاب تحدي درجة 3,10,27,50,medium,2024-04-19T18:18:07.000000Z,2024-04-19 19:04:07,2024-08-05 22:08:07,2024-04-19 19:04:07
3715800,885,1,1,57,0,11,3,0,0,True,1,4,رِيَاضِيَّات,71,ألعاب تحدي درجة 3,16,32,55,medium,2024-04-22T19:13:03.000000Z,2024-04-19 19:04:31,2024-08-05 22:08:07,2024-04-22 20:04:03
3715768,883,1,1,32,0,32,1,0,1,True,2,4,رِيَاضِيَّات,71,ألعاب تحدي درجة 3,9,19,36,medium,2024-04-19T18:18:40.000000Z,2024-04-19 19:04:40,2024-08-05 22:08:07,2024-04-19 19:04:40
3715778,884,1,1,68,0,33,1,0,0,True,3,4,رِيَاضِيَّات,71,ألعاب تحدي درجة 3,10,21,34,medium,2024-04-22T19:12:46.000000Z,2024-04-19 19:04:24,2024-08-05 22:08:07,2024-04-22 20:04:46
3715845,886,1,0,436,436,315,4,4,3,False,0,4,رِيَاضِيَّات,71,ألعاب تحدي درجة 3,67,144,256,hard,,2024-04-19 19:04:34,2024-08-05 22:08:07,2024-04-22 20:04:09
3715932,7274,4,3,10,0,10,1,0,1,True,2,10,Français,545,Texte N°1:Il ne faut jamais mentir à un ordinateur,5,15,39,medium,2024-04-19T18:29:33.000000Z,2024-04-19 19:04:33,2024-08-05 22:08:07,2024-04-19 19:04:33
3715936,7275,4,1,300,0,270,1,0,1,True,2,10,Français,545,Texte N°1:Il ne faut jamais mentir à un ordinateur,7,14,27,medium,2024-04-19T18:42:10.000000Z,2024-04-19 19:04:55,2024-08-05 22:08:07,2024-04-19 19:04:10
3716068,7276,4,1,26,0,26,2,0,2,True,1,10,Français,545,Texte N°1:Il ne faut jamais mentir à un ordinateur,7,14,24,medium,2024-04-19T18:42:48.000000Z,2024-04-19 19:04:48,2024-08-05 22:08:08,2024-04-19 19:04:48
3716207,7930,4,1,26,0,26,0,0,0,True,3,4,رِيَاضِيَّات,254,ضرب عدد عشري في عدد صحيح,13,23,43,easy,2024-04-19T18:53:30.000000Z,2024-04-19 19:04:30,2024-08-05 22:08:08,2024-04-19 19:04:30
3716179,2523,4,1,41,0,36,1,0,1,True,2,4,رِيَاضِيَّات,254,ضرب عدد عشري في عدد صحيح,11,20,42,easy,2024-04-19T18:52:59.000000Z,2024-04-19 19:04:10,2024-08-05 22:08:08,2024-04-19 19:04:59
3716223,7931,4,1,61,0,61,3,0,3,True,1,4,رِيَاضِيَّات,254,ضرب عدد عشري في عدد صحيح,13,27,51,medium,2024-04-19T18:54:47.000000Z,2024-04-19 19:04:47,2024-08-05 22:08:08,2024-04-19 19:04:47
3716229,7932,4,1,38,0,38,0,0,0,True,3,4,رِيَاضِيَّات,254,ضرب عدد عشري في عدد صحيح,18,34,61,easy,2024-04-19T18:55:29.000000Z,2024-04-19 19:04:29,2024-08-05 22:08:08,2024-04-19 19:04:29
3716674,2586,4,1,434,0,195,3,0,0,True,1,4,رِيَاضِيَّات,265,التصرف في وحدات قيس الزمن,68,132,264,medium,2024-04-28T18:51:37.000000Z,2024-04-19 20:04:00,2024-08-05 22:08:09,2024-04-28 19:04:37
3716706,2588,4,1,167,0,167,0,0,0,True,3,4,رِيَاضِيَّات,265,التصرف في وحدات قيس الزمن,53,109,184,easy,2024-04-19T19:39:54.000000Z,2024-04-19 20:04:54,2024-08-05 22:08:09,2024-04-19 20:04:54
3716775,2589,4,1,800,0,450,3,0,1,True,1,4,رِيَاضِيَّات,265,التصرف في وحدات قيس الزمن,60,131,247,easy,2024-04-28T19:03:53.000000Z,2024-04-19 20:04:34,2024-08-05 22:08:09,2024-04-28 20:04:53
3716300,2525,4,1,399,0,395,4,0,4,True,1,4,رِيَاضِيَّات,254,ضرب عدد عشري في عدد صحيح,49,156,338,medium,2024-04-20T19:21:52.000000Z,2024-04-19 20:04:11,2024-08-05 22:08:08,2024-04-20 20:04:52
3721909,7934,4,1,334,0,334,1,0,1,True,2,4,رِيَاضِيَّات,254,ضرب عدد عشري في عدد صحيح,43,100,195,medium,2024-04-20T19:27:37.000000Z,2024-04-20 20:04:37,2024-08-05 22:08:09,2024-04-20 20:04:37
3729424,2529,4,0,307,307,307,4,4,4,False,0,4,رِيَاضِيَّات,254,ضرب عدد عشري في عدد صحيح,113,381,832,medium,,2024-04-21 19:04:48,2024-08-05 23:08:04,2024-04-21 19:04:48
3716297,2524,4,0,1337,1337,302,16,16,4,False,0,4,رِيَاضِيَّات,254,ضرب عدد عشري في عدد صحيح,50,133,265,medium,,2024-04-19 20:04:45,2024-08-05 22:08:08,2024-04-21 21:04:29
3735366,888,1,1,15,0,15,1,0,1,True,2,4,رِيَاضِيَّات,71,ألعاب تحدي درجة 3,14,34,58,medium,2024-04-22T19:24:46.000000Z,2024-04-22 20:04:46,2024-08-05 23:08:07,2024-04-22 20:04:46
3735455,889,1,0,131,131,131,3,3,3,False,0,4,رِيَاضِيَّات,71,ألعاب تحدي درجة 3,51,135,267,hard,,2024-04-22 20:04:32,2024-08-05 23:08:07,2024-04-22 20:04:32
3735476,891,1,1,41,0,41,1,0,1,True,2,4,رِيَاضِيَّات,71,ألعاب تحدي درجة 3,15,31,51,medium,2024-04-22T19:33:38.000000Z,2024-04-22 20:04:38,2024-08-05 23:08:07,2024-04-22 20:04:38
3735467,890,1,1,54,0,54,1,0,1,True,2,4,رِيَاضِيَّات,71,ألعاب تحدي درجة 3,9,29,62,medium,2024-04-22T19:32:28.000000Z,2024-04-22 20:04:28,2024-08-05 23:08:07,2024-04-22 20:04:28
3735510,894,1,1,40,0,40,0,0,0,True,3,4,رِيَاضِيَّات,71,ألعاب تحدي درجة 3,12,25,41,medium,2024-04-22T19:36:32.000000Z,2024-04-22 20:04:32,2024-08-05 23:08:07,2024-04-22 20:04:32
3735481,892,1,1,15,0,15,2,0,2,True,1,4,رِيَاضِيَّات,71,ألعاب تحدي درجة 3,11,25,45,medium,2024-04-22T19:34:02.000000Z,2024-04-22 20:04:02,2024-08-05 23:08:07,2024-04-22 20:04:02
3735535,897,1,0,46,46,23,6,6,3,False,0,4,رِيَاضِيَّات,71,ألعاب تحدي درجة 3,9,35,74,medium,,2024-04-22 20:04:29,2024-08-05 23:08:07,2024-04-22 20:04:34
3735521,896,1,1,22,0,22,3,0,3,True,1,4,رِيَاضِيَّات,71,ألعاب تحدي درجة 3,7,22,44,medium,2024-04-22T19:37:44.000000Z,2024-04-22 20:04:44,2024-08-05 23:08:07,2024-04-22 20:04:44
3735559,901,1,1,26,0,26,2,0,2,True,1,4,رِيَاضِيَّات,71,ألعاب تحدي درجة 3,9,34,67,medium,2024-04-22T19:40:16.000000Z,2024-04-22 20:04:16,2024-08-05 23:08:07,2024-04-22 20:04:16
3735514,895,1,1,36,0,36,0,0,0,True,3,4,رِيَاضِيَّات,71,ألعاب تحدي درجة 3,10,27,57,medium,2024-04-22T19:37:13.000000Z,2024-04-22 20:04:13,2024-08-05 23:08:07,2024-04-22 20:04:13
3735537,898,1,1,11,0,11,0,0,0,True,3,4,رِيَاضِيَّات,71,ألعاب تحدي درجة 3,8,25,48,medium,2024-04-22T19:38:34.000000Z,2024-04-22 20:04:34,2024-08-05 23:08:07,2024-04-22 20:04:34
3735553,900,1,1,22,0,22,3,0,3,True,1,4,رِيَاضِيَّات,71,ألعاب تحدي درجة 3,7,25,54,medium,2024-04-22T19:39:45.000000Z,2024-04-22 20:04:45,2024-08-05 23:08:07,2024-04-22 20:04:45
3735542,899,1,1,22,0,22,3,0,3,True,1,4,رِيَاضِيَّات,71,ألعاب تحدي درجة 3,9,29,61,hard,2024-04-22T19:39:17.000000Z,2024-04-22 20:04:17,2024-08-05 23:08:07,2024-04-22 20:04:17
3735576,903,1,1,38,0,38,2,0,2,True,1,4,رِيَاضِيَّات,71,ألعاب تحدي درجة 3,10,23,42,medium,2024-04-22T19:41:46.000000Z,2024-04-22 20:04:46,2024-08-05 23:08:07,2024-04-22 20:04:46
3735607,905,1,1,101,0,101,2,0,2,True,1,4,رِيَاضِيَّات,71,ألعاب تحدي درجة 3,8,29,59,medium,2024-04-22T19:44:04.000000Z,2024-04-22 20:04:04,2024-08-05 23:08:07,2024-04-22 20:04:04
3735565,902,1,1,25,0,25,1,0,1,True,2,4,رِيَاضِيَّات,71,ألعاب تحدي درجة 3,7,20,49,medium,2024-04-22T19:40:44.000000Z,2024-04-22 20:04:44,2024-08-05 23:08:07,2024-04-22 20:04:44
3735654,906,1,1,279,0,279,2,0,2,True,1,4,رِيَاضِيَّات,71,ألعاب تحدي درجة 3,7,23,44,medium,2024-04-22T19:48:55.000000Z,2024-04-22 20:04:55,2024-08-05 23:08:07,2024-04-22 20:04:55
3735656,907,1,1,12,0,12,1,0,1,True,2,4,رِيَاضِيَّات,71,ألعاب تحدي درجة 3,10,29,57,medium,2024-04-22T19:49:08.000000Z,2024-04-22 20:04:08,2024-08-05 23:08:07,2024-04-22 20:04:08
3735691,909,1,1,24,0,24,0,0,0,True,3,4,رِيَاضِيَّات,71,ألعاب تحدي درجة 3,7,17,33,medium,2024-04-22T19:53:22.000000Z,2024-04-22 20:04:22,2024-08-05 23:08:07,2024-04-22 20:04:22
3740738,911,1,1,12,0,12,2,0,2,True,1,4,رِيَاضِيَّات,71,ألعاب تحدي درجة 3,7,21,42,medium,2024-04-23T19:48:18.000000Z,2024-04-23 20:04:18,2024-08-05 23:08:07,2024-04-23 20:04:18
3716073,7277,4,0,30,30,10,0,0,0,False,0,10,Français,545,Texte N°1:Il ne faut jamais mentir à un ordinateur,10,45,174,easy,,2024-04-19 19:04:10,2024-08-05 22:08:08,2024-04-23 20:04:25
3740784,2508,4,1,70,0,70,0,0,0,True,3,3,إيِقَاظ عِلْمِيّ,252,الماء في الطّبيعة,17,29,47,easy,2024-04-23T19:53:12.000000Z,2024-04-23 20:04:12,2024-08-05 23:08:07,2024-04-23 20:04:12
3754529,2530,4,3,111,0,111,0,0,0,True,2,4,رِيَاضِيَّات,255,ضرب عدد عشري في عدد عشري,14,43,111,medium,2024-04-26T17:37:56.000000Z,2024-04-26 18:04:56,2024-08-05 23:08:04,2024-04-26 18:04:56
3754650,2531,4,3,175,0,175,0,0,0,True,3,4,رِيَاضِيَّات,255,ضرب عدد عشري في عدد عشري,18,50,119,medium,2024-04-26T17:45:00.000000Z,2024-04-26 18:04:00,2024-08-05 23:08:05,2024-04-26 18:04:00
3754743,2532,4,1,132,0,132,0,0,0,True,3,4,رِيَاضِيَّات,255,ضرب عدد عشري في عدد عشري,12,32,82,easy,2024-04-26T17:51:08.000000Z,2024-04-26 18:04:08,2024-08-05 23:08:05,2024-04-26 18:04:08
3754890,2533,4,1,426,0,426,1,0,1,True,2,4,رِيَاضِيَّات,255,ضرب عدد عشري في عدد عشري,148,317,669,medium,2024-04-26T17:58:28.000000Z,2024-04-26 18:04:28,2024-08-05 23:08:05,2024-04-26 18:04:28
3755152,2535,4,3,1102,0,227,6,0,0,True,1,4,رِيَاضِيَّات,255,ضرب عدد عشري في عدد عشري,57,276,682,medium,2024-05-05T18:57:33.000000Z,2024-04-26 19:04:22,2024-08-05 23:08:06,2024-05-05 19:05:33
3767620,5941,4,1,654,0,654,0,0,0,True,3,11,عَرَبِيَّة,480,مدينة سوسة,16,56,145,medium,2024-04-28T17:22:42.000000Z,2024-04-28 18:04:42,2024-08-05 23:08:11,2024-04-28 18:04:42
3767968,5942,4,2,653,0,25,3,0,0,True,1,11,عَرَبِيَّة,480,مدينة سوسة,19,35,67,medium,2024-04-30T15:51:26.000000Z,2024-04-28 18:04:56,2024-08-05 23:08:12,2024-04-30 16:04:26
3755145,2534,4,3,3620,0,1363,12,0,2,True,1,4,رِيَاضِيَّات,255,ضرب عدد عشري في عدد عشري,63,343,1073,medium,2024-04-28T18:32:02.000000Z,2024-04-26 19:04:05,2024-08-05 23:08:06,2024-04-28 19:04:02
3755250,7032,4,0,540,540,334,2,2,2,False,0,4,رِيَاضِيَّات,255,ضرب عدد عشري في عدد عشري,82,196,402,medium,,2024-04-26 19:04:03,2024-08-05 23:08:06,2024-05-06 18:05:12
3768778,2536,4,0,10,10,5,0,0,0,False,0,4,رِيَاضِيَّات,255,ضرب عدد عشري في عدد عشري,114,463,1141,medium,,2024-04-28 19:04:07,2024-08-05 23:08:03,2024-04-28 19:04:08
3776108,2590,4,0,1307,1307,1307,2,2,2,False,0,4,رِيَاضِيَّات,265,التصرف في وحدات قيس الزمن,160,318,576,medium,,2024-04-30 16:04:40,2024-08-05 23:08:07,2024-04-30 16:04:40
3776316,5944,4,0,299,299,30,0,0,0,False,0,11,عَرَبِيَّة,480,مدينة سوسة,20,111,298,medium,,2024-04-30 16:04:50,2024-08-05 23:08:08,2024-04-30 20:04:01
3776315,5943,4,2,1541,0,501,0,0,0,True,3,11,عَرَبِيَّة,480,مدينة سوسة,13,84,237,medium,2024-04-30T16:28:48.000000Z,2024-04-30 16:04:48,2024-08-05 23:08:08,2024-04-30 17:04:48
3777066,5946,4,2,315,0,315,0,0,0,True,3,11,عَرَبِيَّة,480,مدينة سوسة,10,67,174,easy,2024-04-30T17:12:38.000000Z,2024-04-30 18:04:38,2024-08-05 23:08:09,2024-04-30 18:04:38
3777081,5947,4,1,45,0,45,0,0,0,True,3,11,عَرَبِيَّة,480,مدينة سوسة,18,39,85,medium,2024-04-30T17:13:31.000000Z,2024-04-30 18:04:31,2024-08-05 23:08:10,2024-04-30 18:04:31
3777132,5949,4,4,21,0,21,0,0,0,True,2,11,عَرَبِيَّة,480,مدينة سوسة,7,22,56,medium,2024-04-30T17:16:55.000000Z,2024-04-30 18:04:55,2024-08-05 23:08:10,2024-04-30 18:04:55
3777770,5951,4,4,710,0,710,0,0,0,True,3,11,عَرَبِيَّة,480,مدينة سوسة,9,56,151,easy,2024-04-30T18:15:14.000000Z,2024-04-30 19:04:14,2024-08-05 23:08:11,2024-04-30 19:04:14
3777785,5952,4,1,78,0,78,0,0,0,True,3,11,عَرَبِيَّة,480,مدينة سوسة,26,42,62,easy,2024-04-30T18:16:32.000000Z,2024-04-30 19:04:32,2024-08-05 23:08:11,2024-04-30 19:04:32
3778035,5955,4,1,41,0,41,0,0,0,True,3,11,عَرَبِيَّة,480,مدينة سوسة,17,39,93,hard,2024-04-30T18:45:54.000000Z,2024-04-30 19:04:54,2024-08-05 23:08:12,2024-04-30 19:04:54
3778028,5953,4,1,1439,0,1439,0,0,0,True,3,11,عَرَبِيَّة,480,مدينة سوسة,6,64,261,easy,2024-04-30T18:45:07.000000Z,2024-04-30 19:04:07,2024-08-05 23:08:12,2024-04-30 19:04:07
3778131,5956,4,0,613,613,613,3,3,3,False,0,11,عَرَبِيَّة,480,مدينة سوسة,84,162,294,medium,,2024-04-30 19:04:03,2024-08-05 23:08:12,2024-04-30 19:04:03
3778520,5957,4,1,1678,0,1678,0,0,0,True,3,11,عَرَبِيَّة,480,مدينة سوسة,7,64,289,easy,2024-04-30T19:25:41.000000Z,2024-04-30 20:04:41,2024-08-05 23:08:13,2024-04-30 20:04:41
3782830,5991,4,0,20,20,20,0,0,0,False,0,11,عَرَبِيَّة,481,جامع عقبة بالقيروان,5,95,314,medium,,2024-05-01 14:05:35,2024-08-05 23:08:11,2024-05-01 14:05:35
3783117,6073,4,2,317,0,317,0,0,0,True,3,11,عَرَبِيَّة,481,جامع عقبة بالقيروان,10,82,227,easy,2024-05-01T14:20:25.000000Z,2024-05-01 15:05:25,2024-08-05 23:08:12,2024-05-01 15:05:25
3805984,6074,4,2,622,0,592,0,0,0,True,3,11,عَرَبِيَّة,481,جامع عقبة بالقيروان,8,54,185,easy,2024-05-05T14:55:40.000000Z,2024-05-05 15:05:43,2024-08-05 23:08:07,2024-05-05 15:05:40
3806138,6075,4,1,344,0,166,5,0,2,True,1,11,عَرَبِيَّة,481,جامع عقبة بالقيروان,38,99,183,medium,2024-05-05T18:13:28.000000Z,2024-05-05 15:05:57,2024-08-05 23:08:07,2024-05-05 19:05:28
3806173,6076,4,1,225,0,225,1,0,1,True,2,11,عَرَبِيَّة,481,جامع عقبة بالقيروان,19,42,81,medium,2024-05-05T15:02:46.000000Z,2024-05-05 16:05:46,2024-08-05 23:08:08,2024-05-05 16:05:46
3806189,6077,4,1,91,0,91,0,0,0,True,3,11,عَرَبِيَّة,481,جامع عقبة بالقيروان,7,41,128,easy,2024-05-05T15:04:34.000000Z,2024-05-05 16:05:34,2024-08-05 23:08:08,2024-05-05 16:05:34
3806195,6078,4,2,126,0,80,4,0,1,True,1,11,عَرَبِيَّة,481,جامع عقبة بالقيروان,6,12,23,medium,2024-05-05T15:07:25.000000Z,2024-05-05 16:05:35,2024-08-05 23:08:08,2024-05-05 16:05:25
3807768,6080,4,1,124,0,124,0,0,0,True,3,11,عَرَبِيَّة,481,جامع عقبة بالقيروان,21,37,61,easy,2024-05-05T17:35:41.000000Z,2024-05-05 18:05:41,2024-08-05 23:08:10,2024-05-05 18:05:41
3807751,6079,4,1,563,0,563,0,0,0,True,3,11,عَرَبِيَّة,481,جامع عقبة بالقيروان,29,48,76,easy,2024-05-05T17:33:35.000000Z,2024-05-05 18:05:35,2024-08-05 23:08:10,2024-05-05 18:05:35
3808080,6083,4,4,365,0,365,0,0,0,True,3,11,عَرَبِيَّة,481,جامع عقبة بالقيروان,5,52,202,easy,2024-05-05T18:04:14.000000Z,2024-05-05 19:05:14,2024-08-05 23:08:11,2024-05-05 19:05:14
3808112,6087,4,1,110,0,87,0,0,0,True,3,11,عَرَبِيَّة,481,جامع عقبة بالقيروان,4,34,166,easy,2024-05-05T18:35:17.000000Z,2024-05-05 19:05:25,2024-08-05 23:08:11,2024-05-05 19:05:18
3808445,6088,4,1,50,0,50,0,0,0,True,3,11,عَرَبِيَّة,481,جامع عقبة بالقيروان,5,22,86,easy,2024-05-05T18:37:22.000000Z,2024-05-05 19:05:22,2024-08-05 23:08:12,2024-05-05 19:05:22
3701149,7152,4,2,176,0,36,0,0,0,True,2,10,Français,544,Texte N°2:La cabane,7,35,143,medium,2024-05-06T17:48:39.000000Z,2024-04-16 19:04:32,2024-08-05 22:08:09,2024-05-06 18:05:39
3811749,7150,4,0,9,9,9,0,0,0,False,0,10,Français,544,Texte N°2:La cabane,2,9,34,medium,,2024-05-06 18:05:34,2024-08-05 23:08:10,2024-05-06 18:05:34
3811742,7153,4,2,27,0,24,0,0,0,True,3,10,Français,544,Texte N°2:La cabane,5,27,87,easy,2024-05-06T17:55:20.000000Z,2024-05-06 18:05:17,2024-08-05 23:08:10,2024-05-06 18:05:20
3811740,7151,4,2,46,0,29,0,0,0,True,2,10,Français,544,Texte N°2:La cabane,6,33,121,easy,2024-05-06T17:53:47.000000Z,2024-05-06 18:05:14,2024-08-05 23:08:10,2024-05-06 18:05:47
3811843,7154,4,0,105,105,105,3,3,3,False,0,10,Français,544,Texte N°2:La cabane,34,111,251,medium,,2024-05-06 18:05:02,2024-08-05 23:08:10,2024-05-06 18:05:02
3811859,7155,4,1,36,0,36,0,0,0,True,3,10,Français,544,Texte N°2:La cabane,4,18,72,easy,2024-05-06T17:59:01.000000Z,2024-05-06 18:05:01,2024-08-05 23:08:10,2024-05-06 18:05:01
3811902,7156,4,4,8,0,8,0,0,0,True,1,10,Français,544,Texte N°2:La cabane,4,16,47,medium,2024-05-06T18:04:41.000000Z,2024-05-06 19:05:41,2024-08-05 23:08:10,2024-05-06 19:05:41
3811932,7157,4,1,107,0,107,0,0,0,True,3,10,Français,544,Texte N°2:La cabane,33,61,111,easy,2024-05-06T18:08:01.000000Z,2024-05-06 19:05:01,2024-08-05 23:08:10,2024-05-06 19:05:01
3812050,7159,4,5,16,0,16,1,0,1,True,2,10,Français,544,Texte N°2:La cabane,4,10,25,medium,2024-05-06T18:20:47.000000Z,2024-05-06 19:05:47,2024-08-05 23:08:11,2024-05-06 19:05:47
3812038,7160,4,0,118,118,118,3,3,3,False,0,10,Français,544,Texte N°2:La cabane,36,61,143,medium,,2024-05-06 19:05:39,2024-08-05 23:08:10,2024-05-06 19:05:39
3812222,7161,4,3,10,0,10,0,0,0,True,3,10,Français,544,Texte N°2:La cabane,4,23,87,easy,2024-05-06T18:35:54.000000Z,2024-05-06 19:05:54,2024-08-05 23:08:11,2024-05-06 19:05:54
3812298,7163,4,1,134,0,134,0,0,0,True,3,10,Français,544,Texte N°2:La cabane,16,33,68,easy,2024-05-06T18:41:20.000000Z,2024-05-06 19:05:20,2024-08-05 23:08:11,2024-05-06 19:05:20
3812428,7164,4,0,173,173,173,3,3,3,False,0,10,Français,544,Texte N°2:La cabane,22,66,204,hard,,2024-05-06 19:05:30,2024-08-05 23:08:11,2024-05-06 19:05:30
3812480,2510,4,1,74,0,74,0,0,0,True,3,3,إيِقَاظ عِلْمِيّ,252,الماء في الطّبيعة,24,42,73,easy,2024-05-06T18:57:30.000000Z,2024-05-06 19:05:30,2024-08-05 23:08:11,2024-05-06 19:05:31
3812507,2514,4,4,12,0,12,0,0,0,True,3,3,إيِقَاظ عِلْمِيّ,252,الماء في الطّبيعة,7,18,42,medium,2024-05-06T18:59:38.000000Z,2024-05-06 19:05:38,2024-08-05 23:08:11,2024-05-06 19:05:38
3812483,2511,4,1,34,0,34,0,0,0,True,3,3,إيِقَاظ عِلْمِيّ,252,الماء في الطّبيعة,26,49,86,medium,2024-05-06T18:58:07.000000Z,2024-05-06 19:05:07,2024-08-05 23:08:11,2024-05-06 19:05:07
3812490,2513,4,1,26,0,26,0,0,0,True,3,3,إيِقَاظ عِلْمِيّ,252,الماء في الطّبيعة,11,20,35,easy,2024-05-06T18:58:38.000000Z,2024-05-06 19:05:38,2024-08-05 23:08:11,2024-05-06 19:05:38
3812570,2517,4,1,44,0,44,0,0,0,True,3,3,إيِقَاظ عِلْمِيّ,252,الماء في الطّبيعة,10,16,24,easy,2024-05-06T19:04:01.000000Z,2024-05-06 20:05:01,2024-08-05 23:08:11,2024-05-06 20:05:01
3812597,7312,4,1,25,0,21,0,0,0,True,3,3,إيِقَاظ عِلْمِيّ,252,الماء في الطّبيعة,19,37,66,medium,2024-05-06T19:07:36.000000Z,2024-05-06 20:05:57,2024-08-05 23:08:12,2024-05-06 20:05:36
3812596,7311,4,1,155,0,13,6,0,0,True,1,3,إيِقَاظ عِلْمِيّ,252,الماء في الطّبيعة,19,42,75,medium,2024-05-06T19:07:12.000000Z,2024-05-06 20:05:53,2024-08-05 23:08:12,2024-05-06 20:05:12
3812582,2519,4,1,21,0,21,0,0,0,True,3,3,إيِقَاظ عِلْمِيّ,252,الماء في الطّبيعة,13,22,35,easy,2024-05-06T19:05:08.000000Z,2024-05-06 20:05:08,2024-08-05 23:08:12,2024-05-06 20:05:08
3812634,2462,4,0,70,70,70,0,0,0,False,0,3,إيِقَاظ عِلْمِيّ,245,التغذية عند الحيوان,29,59,105,medium,,2024-05-06 20:05:37,2024-08-05 23:08:12,2024-05-06 20:05:37
3812768,6217,4,1,26,0,26,0,0,0,True,3,10,Français,493,Texte N°1:Projet de vacances,7,58,222,easy,2024-05-06T19:28:07.000000Z,2024-05-06 20:05:07,2024-08-05 23:08:12,2024-05-06 20:05:07
3812760,6216,4,1,22,0,22,0,0,0,True,3,10,Français,493,Texte N°1:Projet de vacances,10,73,278,easy,2024-05-06T19:26:09.000000Z,2024-05-06 20:05:09,2024-08-05 23:08:12,2024-05-06 20:05:09
3812809,6220,4,1,122,0,122,0,0,0,True,3,10,Français,493,Texte N°1:Projet de vacances,31,61,121,easy,2024-05-06T19:34:21.000000Z,2024-05-06 20:05:21,2024-08-05 23:08:12,2024-05-06 20:05:21
3812986,6221,4,0,1805,1805,76,13,13,3,False,0,10,Français,493,Texte N°1:Projet de vacances,31,83,159,medium,,2024-05-06 20:05:56,2024-08-05 23:08:12,2024-07-01 21:07:28
3835561,8843,7,1,52,0,52,0,0,0,True,3,10,Français,612,Vocabulaire,20,45,85,easy,2024-05-11T11:09:54.000000Z,2024-05-11 12:05:54,2024-08-05 23:08:07,2024-05-11 12:05:54
3835555,8842,7,1,66,0,66,0,0,0,True,3,10,Français,612,Vocabulaire,22,47,88,easy,2024-05-11T11:08:39.000000Z,2024-05-11 12:05:39,2024-08-05 23:08:07,2024-05-11 12:05:39
3835568,8844,7,1,73,0,73,1,0,1,True,2,10,Français,612,Vocabulaire,19,39,79,easy,2024-05-11T11:11:20.000000Z,2024-05-11 12:05:20,2024-08-05 23:08:07,2024-05-11 12:05:20
3835623,8847,7,1,54,0,54,0,0,0,True,3,10,Français,612,Vocabulaire,25,43,77,easy,2024-05-11T11:21:47.000000Z,2024-05-11 12:05:47,2024-08-05 23:08:07,2024-05-11 12:05:48
3878963,10902,4,0,974,974,700,0,0,0,False,0,4,رِيَاضِيَّات,981,إمتحان الثّلاثي الثّالث في الحساب الذّهني (درجة 1 ),11,104,386,medium,,2024-05-18 14:05:38,2024-08-05 23:08:03,2024-06-14 15:06:05
3879430,10898,4,0,131,131,80,0,0,0,False,0,11,عَرَبِيَّة,977,إمتحان الثّلاثي الثّالث في القراءة (درجة 1 ),13,139,932,medium,,2024-05-18 15:05:45,2024-08-05 23:08:04,2024-05-18 15:05:01
4017436,6223,4,3,6,0,6,0,0,0,True,3,10,Français,493,Texte N°1:Projet de vacances,2,5,14,easy,2024-07-01T20:25:59.000000Z,2024-07-01 21:07:59,2024-08-05 23:08:11,2024-07-01 21:07:59
4025596,6241,4,0,363,363,363,3,3,3,False,0,10,Français,493,Texte N°1:Projet de vacances,68,227,451,hard,,2024-07-04 09:07:15,2024-08-05 23:08:06,2024-07-04 09:07:15
4025655,6515,4,2,21,0,21,0,0,0,True,3,11,عَرَبِيَّة,509,عنز قيسون,8,63,203,easy,2024-07-04T08:47:24.000000Z,2024-07-04 09:07:24,2024-08-05 23:08:07,2024-07-04 09:07:24
4025705,6518,4,3,30,0,30,0,0,0,True,3,11,عَرَبِيَّة,509,عنز قيسون,6,21,49,easy,2024-07-04T09:01:28.000000Z,2024-07-04 10:07:28,2024-08-05 23:08:07,2024-07-04 10:07:28
4025668,6514,4,1,321,0,321,2,0,2,True,1,11,عَرَبِيَّة,509,عنز قيسون,15,32,72,medium,2024-07-04T08:52:56.000000Z,2024-07-04 09:07:56,2024-08-05 23:08:07,2024-07-04 09:07:56
4025677,6516,4,2,135,0,135,0,0,0,True,2,11,عَرَبِيَّة,509,عنز قيسون,7,37,157,easy,2024-07-04T08:56:39.000000Z,2024-07-04 09:07:39,2024-08-05 23:08:07,2024-07-04 09:07:39
4025688,6517,4,4,24,0,24,0,0,0,True,3,11,عَرَبِيَّة,509,عنز قيسون,6,23,63,easy,2024-07-04T08:58:47.000000Z,2024-07-04 09:07:47,2024-08-05 23:08:07,2024-07-04 09:07:47
4025764,6519,4,1,1264,0,47,6,0,0,True,1,11,عَرَبِيَّة,509,عنز قيسون,61,132,348,hard,2024-07-04T10:06:35.000000Z,2024-07-04 10:07:29,2024-08-05 23:08:07,2024-07-04 11:07:35
4025769,6520,4,1,24,0,24,0,0,0,True,3,11,عَرَبِيَّة,509,عنز قيسون,7,23,58,easy,2024-07-04T09:09:16.000000Z,2024-07-04 10:07:16,2024-08-05 23:08:07,2024-07-04 10:07:16
4025803,6521,4,5,32,0,13,0,0,0,True,3,11,عَرَبِيَّة,509,عنز قيسون,4,12,27,medium,2024-07-04T10:10:10.000000Z,2024-07-04 10:07:40,2024-08-05 23:08:07,2024-07-04 11:07:10
4025822,6523,4,1,117,0,117,0,0,0,True,3,11,عَرَبِيَّة,509,عنز قيسون,29,58,112,easy,2024-07-04T09:16:49.000000Z,2024-07-04 10:07:49,2024-08-05 23:08:07,2024-07-04 10:07:49
4025910,6524,4,3,10,0,10,0,0,0,True,3,11,عَرَبِيَّة,509,عنز قيسون,8,20,42,medium,2024-07-04T09:31:41.000000Z,2024-07-04 10:07:41,2024-08-05 23:08:07,2024-07-04 10:07:41
4025937,6525,4,3,14,0,14,0,0,0,True,3,11,عَرَبِيَّة,509,عنز قيسون,3,20,126,easy,2024-07-04T09:35:22.000000Z,2024-07-04 10:07:22,2024-08-05 23:08:07,2024-07-04 10:07:22
4025942,6526,4,1,21,0,21,0,0,0,True,3,11,عَرَبِيَّة,509,عنز قيسون,3,13,44,easy,2024-07-04T09:35:59.000000Z,2024-07-04 10:07:59,2024-08-05 23:08:07,2024-07-04 10:07:59
4026153,6528,4,1,9,0,9,0,0,0,True,3,11,عَرَبِيَّة,509,عنز قيسون,3,9,39,easy,2024-07-04T10:11:22.000000Z,2024-07-04 11:07:22,2024-08-05 23:08:08,2024-07-04 11:07:22
4177476,8547,6,4,15,0,15,0,0,0,True,1,13,مراجعة صيفيّة,606,مراجعة في مادّة الرياضيّات,9,24,56,medium,2024-08-13T15:39:25.000000Z,2024-08-13 16:08:25,2024-08-13 16:08:25,2024-08-13 16:08:25
4177487,8548,6,1,155,0,155,0,0,0,True,3,13,مراجعة صيفيّة,606,مراجعة في مادّة الرياضيّات,82,147,246,medium,2024-08-13T15:42:09.000000Z,2024-08-13 16:08:09,2024-08-13 16:08:10,2024-08-13 16:08:10
4177495,8549,6,1,66,0,66,0,0,0,True,3,13,مراجعة صيفيّة,606,مراجعة في مادّة الرياضيّات,31,48,74,easy,2024-08-13T15:43:23.000000Z,2024-08-13 16:08:23,2024-08-13 16:08:23,2024-08-13 16:08:23
4177501,8550,6,1,74,0,74,0,0,0,True,3,13,مراجعة صيفيّة,606,مراجعة في مادّة الرياضيّات,38,70,124,easy,2024-08-13T15:44:48.000000Z,2024-08-13 16:08:48,2024-08-13 16:08:48,2024-08-13 16:08:48
4177512,8552,6,1,24,0,24,0,0,0,True,3,13,مراجعة صيفيّة,606,مراجعة في مادّة الرياضيّات,10,18,31,medium,2024-08-13T15:46:01.000000Z,2024-08-13 16:08:01,2024-08-13 16:08:01,2024-08-13 16:08:01
4177515,8553,6,1,27,0,27,0,0,0,True,3,13,مراجعة صيفيّة,606,مراجعة في مادّة الرياضيّات,17,32,62,medium,2024-08-13T15:46:32.000000Z,2024-08-13 16:08:32,2024-08-13 16:08:33,2024-08-13 16:08:32
4177517,8554,6,1,28,0,28,0,0,0,True,3,13,مراجعة صيفيّة,606,مراجعة في مادّة الرياضيّات,15,24,43,easy,2024-08-13T15:47:08.000000Z,2024-08-13 16:08:08,2024-08-13 16:08:08,2024-08-13 16:08:08
4177507,8551,6,1,39,0,39,0,0,0,True,3,13,مراجعة صيفيّة,606,مراجعة في مادّة الرياضيّات,17,30,50,medium,2024-08-13T15:45:31.000000Z,2024-08-13 16:08:31,2024-08-13 16:08:31,2024-08-13 16:08:31
4177559,8555,6,1,201,0,201,2,0,2,True,1,13,مراجعة صيفيّة,606,مراجعة في مادّة الرياضيّات,40,78,141,medium,2024-08-13T15:50:51.000000Z,2024-08-13 16:08:51,2024-08-13 16:08:51,2024-08-13 16:08:51
4177744,8556,6,4,124,0,58,1,0,0,True,2,13,مراجعة صيفيّة,606,مراجعة في مادّة الرياضيّات,40,279,813,medium,2024-08-13T16:30:18.000000Z,2024-08-13 17:08:57,2024-08-13 17:08:18,2024-08-13 17:08:18
4180953,8558,6,1,2390,0,408,0,0,0,True,3,13,مراجعة صيفيّة,606,مراجعة في مادّة الرياضيّات,98,188,379,easy,2024-08-14T16:19:22.000000Z,2024-08-14 16:08:46,2024-08-14 17:08:22,2024-08-14 17:08:22
4181223,8560,6,0,37,37,37,3,3,3,False,0,13,مراجعة صيفيّة,606,مراجعة في مادّة الرياضيّات,13,50,107,medium,,2024-08-14 18:08:40,2024-08-14 18:08:40,2024-08-14 18:08:40
4181090,8559,6,7,69,0,29,0,0,0,True,1,13,مراجعة صيفيّة,606,مراجعة في مادّة الرياضيّات,13,155,336,medium,2024-08-14T17:20:39.000000Z,2024-08-14 17:08:59,2024-08-14 18:08:39,2024-08-14 18:08:39
4181229,8561,6,0,57,57,57,3,3,3,False,0,13,مراجعة صيفيّة,606,مراجعة في مادّة الرياضيّات,25,51,92,medium,,2024-08-14 18:08:22,2024-08-14 18:08:22,2024-08-14 18:08:22
4186373,8562,6,0,41,41,41,3,3,3,False,0,13,مراجعة صيفيّة,606,مراجعة في مادّة الرياضيّات,15,43,88,medium,,2024-08-16 12:08:05,2024-08-16 12:08:05,2024-08-16 12:08:05
4833527,12504,10,0,920,920,484,0,0,0,False,0,18,حكايات كلاس كويز,1294,حكايةُ صادق والكنز,222,336,452,medium,,2024-11-19 19:11:34,2024-11-19 20:11:23,2024-11-19 20:11:23
4833537,12512,10,1,45,0,18,0,0,0,True,3,18,حكايات كلاس كويز,1294,حكايةُ صادق والكنز,17,33,61,medium,2024-11-19T18:43:06.000000Z,2024-11-19 19:11:47,2024-11-19 19:11:06,2024-11-19 19:11:06
4833539,12513,10,1,46,0,30,0,0,0,True,3,18,حكايات كلاس كويز,1294,حكايةُ صادق والكنز,23,41,73,easy,2024-11-19T18:43:41.000000Z,2024-11-19 19:11:50,2024-11-19 19:11:41,2024-11-19 19:11:41
4833767,12511,10,1,31,0,21,0,0,0,True,3,18,حكايات كلاس كويز,1294,حكايةُ صادق والكنز,9,15,25,easy,2024-11-19T19:16:56.000000Z,2024-11-19 19:11:41,2024-11-19 20:11:56,2024-11-19 20:11:56
4833817,12514,10,2,217,0,158,0,0,0,True,3,18,حكايات كلاس كويز,1294,حكايةُ صادق والكنز,32,79,153,medium,2024-11-19T18:51:17.000000Z,2024-11-19 19:11:16,2024-11-19 19:11:18,2024-11-19 19:11:18
4833930,12515,10,4,9,0,9,0,0,0,True,3,18,حكايات كلاس كويز,1294,حكايةُ صادق والكنز,5,9,15,medium,2024-11-19T18:51:19.000000Z,2024-11-19 19:11:19,2024-11-19 19:11:20,2024-11-19 19:11:20
4833932,12516,10,2,83,0,81,0,0,0,True,3,18,حكايات كلاس كويز,1294,حكايةُ صادق والكنز,11,44,116,easy,2024-11-19T18:59:38.000000Z,2024-11-19 19:11:20,2024-11-19 19:11:39,2024-11-19 19:11:39
4833931,12518,10,1,62,0,6,6,0,0,True,1,18,حكايات كلاس كويز,1294,حكايةُ صادق والكنز,14,28,50,medium,2024-11-19T18:59:37.000000Z,2024-11-19 19:11:20,2024-11-19 19:11:37,2024-11-19 19:11:37
4834034,12517,10,1,81,0,81,0,0,0,True,3,18,حكايات كلاس كويز,1294,حكايةُ صادق والكنز,11,49,112,easy,2024-11-19T19:01:42.000000Z,2024-11-19 20:11:42,2024-11-19 20:11:43,2024-11-19 20:11:43
5102123,12568,10,0,926,926,926,0,0,0,False,0,18,حكايات كلاس كويز,1303,حكايةُ الأمينة,63,488,1378,medium,,,2024-12-19 20:12:59,2024-12-19 20:12:59
